id,from_station_code,to_station_code,time_minutes,created_at,updated_at,event_type_code
1,AOBADAI,TANA,2,2025-07-09 00:06:30.481,2025-07-09 00:06:30.481,TOKYU
2,AOBADAI,FUJIGAOKA,1,2025-07-09 00:06:30.481,2025-07-09 00:06:30.481,TOKYU
3,AZAMINO,EDA,2,2025-07-09 00:06:30.481,2025-07-09 00:06:30.481,TOKYU
4,AZAMINO,TAMAPLAZA,1,2025-07-09 00:06:30.481,2025-07-09 00:06:30.481,TOKYU
5,BASHAMICHI,NIHONODORI,2,2025-07-09 00:06:30.481,2025-07-09 00:06:30.481,TOKYU
6,BASHAMICHI,MINATOMIRAI,2,2025-07-09 00:06:30.481,2025-07-09 00:06:30.481,TOKYU
7,CHIDORICHO,IKEGAMI,2,2025-07-09 00:06:30.481,2025-07-09 00:06:30.481,TOKYU
8,CHIDORICHO,KUGAHARA,1,2025-07-09 00:06:30.481,2025-07-09 00:06:30.481,TOKYU
9,CHUORINKAN,TSUKIMINO,2,2025-07-09 00:06:30.481,2025-07-09 00:06:30.481,TOKYU
10,DAIKANYAMA,NAKAMEGURO,2,2025-07-09 00:06:30.481,2025-07-09 00:06:30.481,TOKYU
11,DAIKANYAMA,SHIBUYA,2,2025-07-09 00:06:30.481,2025-07-09 00:06:30.481,TOKYU
12,DENENCHOFU,TAMAGAWA,2,2025-07-09 00:06:30.481,2025-07-09 00:06:30.481,TOKYU
13,DENENCHOFU,JIYUGAOKA,2,2025-07-09 00:06:30.481,2025-07-09 00:06:30.481,TOKYU
14,DENENCHOFU,OKUSAWA,2,2025-07-09 00:06:30.481,2025-07-09 00:06:30.481,TOKYU
15,EBARAMACHI,HATANODAI,2,2025-07-09 00:06:30.481,2025-07-09 00:06:30.481,TOKYU
16,EBARAMACHI,NAKANOBU,1,2025-07-09 00:06:30.481,2025-07-09 00:06:30.481,TOKYU
17,EBARANAKANOBU,HATANODAI,1,2025-07-09 00:06:30.481,2025-07-09 00:06:30.481,TOKYU
18,EBARANAKANOBU,TOGOSHIGINZA,2,2025-07-09 00:06:30.481,2025-07-09 00:06:30.481,TOKYU
19,EDA,ICHIGAO,2,2025-07-09 00:06:30.481,2025-07-09 00:06:30.481,TOKYU
20,EDA,AZAMINO,2,2025-07-09 00:06:30.481,2025-07-09 00:06:30.481,TOKYU
21,FUDOMAE,MUSASHIKOYAMA,1,2025-07-09 00:06:30.481,2025-07-09 00:06:30.481,TOKYU
22,FUDOMAE,MEGURO,2,2025-07-09 00:06:30.481,2025-07-09 00:06:30.481,TOKYU
23,FUJIGAOKA,AOBADAI,1,2025-07-09 00:06:30.481,2025-07-09 00:06:30.481,TOKYU
24,FUJIGAOKA,ICHIGAO,2,2025-07-09 00:06:30.481,2025-07-09 00:06:30.481,TOKYU
25,FUTAKOSHINCHI,TAKATSU,1,2025-07-09 00:06:30.481,2025-07-09 00:06:30.481,TOKYU
26,FUTAKOSHINCHI,FUTAKOTAMAGAWA,2,2025-07-09 00:06:30.481,2025-07-09 00:06:30.481,TOKYU
27,FUTAKOTAMAGAWA,FUTAKOSHINCHI,2,2025-07-09 00:06:30.481,2025-07-09 00:06:30.481,TOKYU
28,FUTAKOTAMAGAWA,YOGA,3,2025-07-09 00:06:30.481,2025-07-09 00:06:30.481,TOKYU
29,FUTAKOTAMAGAWA,KAMINOGE,2,2025-07-09 00:06:30.481,2025-07-09 00:06:30.481,TOKYU
30,GAKUGEIDAIGAKU,TORITSUDAIGAKU,2,2025-07-09 00:06:30.481,2025-07-09 00:06:30.481,TOKYU
31,GAKUGEIDAIGAKU,YUTENJI,2,2025-07-09 00:06:30.481,2025-07-09 00:06:30.481,TOKYU
32,GOTANDA,OSAKIHIROKOJI,2,2025-07-09 00:06:30.481,2025-07-09 00:06:30.481,TOKYU
33,HAKURAKU,HIGASHIHAKURAKU,2,2025-07-09 00:06:30.481,2025-07-09 00:06:30.481,TOKYU
34,HAKURAKU,MYORENJI,2,2025-07-09 00:06:30.481,2025-07-09 00:06:30.481,TOKYU
35,HASUNUMA,KAMATA,2,2025-07-09 00:06:30.481,2025-07-09 00:06:30.481,TOKYU
36,HASUNUMA,IKEGAMI,2,2025-07-09 00:06:30.481,2025-07-09 00:06:30.481,TOKYU
37,HATANODAI,KITASENZOKU,2,2025-07-09 00:06:30.481,2025-07-09 00:06:30.481,TOKYU
38,HATANODAI,EBARAMACHI,2,2025-07-09 00:06:30.481,2025-07-09 00:06:30.481,TOKYU
39,HATANODAI,NAGAHARA,2,2025-07-09 00:06:30.481,2025-07-09 00:06:30.481,TOKYU
40,HATANODAI,EBARANAKANOBU,1,2025-07-09 00:06:30.481,2025-07-09 00:06:30.481,TOKYU
41,HIGASHIHAKURAKU,TANMACHI,2,2025-07-09 00:06:30.481,2025-07-09 00:06:30.481,TOKYU
42,HIGASHIHAKURAKU,HAKURAKU,2,2025-07-09 00:06:30.481,2025-07-09 00:06:30.481,TOKYU
43,HIYOSHI,TSUNASHIMA,2,2025-07-09 00:06:30.481,2025-07-09 00:06:30.481,TOKYU
44,HIYOSHI,MOTOSUMIYOSHI,2,2025-07-09 00:06:30.481,2025-07-09 00:06:30.481,TOKYU
45,HIYOSHI,SHINTSUNASHIMA,3,2025-07-09 00:06:30.481,2025-07-09 00:06:30.481,TOKYU
46,ICHIGAO,FUJIGAOKA,2,2025-07-09 00:06:30.481,2025-07-09 00:06:30.481,TOKYU
47,ICHIGAO,EDA,2,2025-07-09 00:06:30.481,2025-07-09 00:06:30.481,TOKYU
48,IKEGAMI,HASUNUMA,2,2025-07-09 00:06:30.481,2025-07-09 00:06:30.481,TOKYU
49,IKEGAMI,CHIDORICHO,2,2025-07-09 00:06:30.481,2025-07-09 00:06:30.481,TOKYU
50,IKEJIRIOHASHI,SANGENJAYA,3,2025-07-09 00:06:30.481,2025-07-09 00:06:30.481,TOKYU
51,IKEJIRIOHASHI,SHIBUYA,3,2025-07-09 00:06:30.481,2025-07-09 00:06:30.481,TOKYU
52,ISHIKAWADAI,YUKIGAYAOTSUKA,2,2025-07-09 00:06:30.481,2025-07-09 00:06:30.481,TOKYU
53,ISHIKAWADAI,SENZOKUIKE,1,2025-07-09 00:06:30.481,2025-07-09 00:06:30.481,TOKYU
54,JIYUGAOKA,DENENCHOFU,2,2025-07-09 00:06:30.481,2025-07-09 00:06:30.481,TOKYU
55,JIYUGAOKA,TORITSUDAIGAKU,2,2025-07-09 00:06:30.481,2025-07-09 00:06:30.481,TOKYU
56,JIYUGAOKA,KUHONBUTSU,2,2025-07-09 00:06:30.481,2025-07-09 00:06:30.481,TOKYU
57,JIYUGAOKA,MIDORIGAOKA,2,2025-07-09 00:06:30.481,2025-07-09 00:06:30.481,TOKYU
58,KAJIGAYA,MIYAZAKIDAI,2,2025-07-09 00:06:30.481,2025-07-09 00:06:30.481,TOKYU
59,KAJIGAYA,MIZONOKUCHI,2,2025-07-09 00:06:30.481,2025-07-09 00:06:30.481,TOKYU
60,KAMATA,YAGUCHINOWATASHI,2,2025-07-09 00:06:30.481,2025-07-09 00:06:30.481,TOKYU
61,KAMATA,HASUNUMA,2,2025-07-09 00:06:30.481,2025-07-09 00:06:30.481,TOKYU
62,KAMINOGE,FUTAKOTAMAGAWA,2,2025-07-09 00:06:30.481,2025-07-09 00:06:30.481,TOKYU
63,KAMINOGE,TODOROKI,2,2025-07-09 00:06:30.481,2025-07-09 00:06:30.481,TOKYU
64,KIKUNA,MYORENJI,2,2025-07-09 00:06:30.481,2025-07-09 00:06:30.481,TOKYU
65,KIKUNA,OKURAYAMA,2,2025-07-09 00:06:30.481,2025-07-09 00:06:30.481,TOKYU
66,KITASENZOKU,OOKAYAMA,2,2025-07-09 00:06:30.481,2025-07-09 00:06:30.481,TOKYU
67,KITASENZOKU,HATANODAI,2,2025-07-09 00:06:30.481,2025-07-09 00:06:30.481,TOKYU
68,KOMAZAWADAIGAKU,SAKURASHINMACHI,3,2025-07-09 00:06:30.481,2025-07-09 00:06:30.481,TOKYU
69,KOMAZAWADAIGAKU,SANGENJAYA,2,2025-07-09 00:06:30.481,2025-07-09 00:06:30.481,TOKYU
70,KUGAHARA,CHIDORICHO,1,2025-07-09 00:06:30.481,2025-07-09 00:06:30.481,TOKYU
71,KUGAHARA,ONTAKESAN,2,2025-07-09 00:06:30.481,2025-07-09 00:06:30.481,TOKYU
72,KUHONBUTSU,OYAMADAI,2,2025-07-09 00:06:30.481,2025-07-09 00:06:30.481,TOKYU
73,KUHONBUTSU,JIYUGAOKA,2,2025-07-09 00:06:30.481,2025-07-09 00:06:30.481,TOKYU
74,MEGURO,FUDOMAE,2,2025-07-09 00:06:30.481,2025-07-09 00:06:30.481,TOKYU
75,MIDORIGAOKA,JIYUGAOKA,2,2025-07-09 00:06:30.481,2025-07-09 00:06:30.481,TOKYU
76,MIDORIGAOKA,OOKAYAMA,1,2025-07-09 00:06:30.481,2025-07-09 00:06:30.481,TOKYU
77,MINAMIMACHIDAGRANBERRYPARK,TSUKIMINO,1,2025-07-09 00:06:30.481,2025-07-09 00:06:30.481,TOKYU
78,MINAMIMACHIDAGRANBERRYPARK,SUZUKAKEDAI,2,2025-07-09 00:06:30.481,2025-07-09 00:06:30.481,TOKYU
79,MINATOMIRAI,BASHAMICHI,2,2025-07-09 00:06:30.481,2025-07-09 00:06:30.481,TOKYU
80,MINATOMIRAI,SHINTAKASHIMA,2,2025-07-09 00:06:30.481,2025-07-09 00:06:30.481,TOKYU
81,MIYAMAEDAIRA,SAGINUMA,2,2025-07-09 00:06:30.481,2025-07-09 00:06:30.481,TOKYU
82,MIYAMAEDAIRA,MIYAZAKIDAI,2,2025-07-09 00:06:30.481,2025-07-09 00:06:30.481,TOKYU
83,MIYAZAKIDAI,MIYAMAEDAIRA,2,2025-07-09 00:06:30.481,2025-07-09 00:06:30.481,TOKYU
84,MIYAZAKIDAI,KAJIGAYA,2,2025-07-09 00:06:30.481,2025-07-09 00:06:30.481,TOKYU
85,MIZONOKUCHI,KAJIGAYA,2,2025-07-09 00:06:30.481,2025-07-09 00:06:30.481,TOKYU
86,MIZONOKUCHI,TAKATSU,2,2025-07-09 00:06:30.481,2025-07-09 00:06:30.481,TOKYU
87,MOTOMACHICHUKAGAI,NIHONODORI,2,2025-07-09 00:06:30.481,2025-07-09 00:06:30.481,TOKYU
88,MOTOSUMIYOSHI,HIYOSHI,2,2025-07-09 00:06:30.481,2025-07-09 00:06:30.481,TOKYU
89,MOTOSUMIYOSHI,MUSASHIKOSUGI,1,2025-07-09 00:06:30.481,2025-07-09 00:06:30.481,TOKYU
90,MUSASHIKOSUGI,MOTOSUMIYOSHI,1,2025-07-09 00:06:30.481,2025-07-09 00:06:30.481,TOKYU
91,MUSASHIKOSUGI,SHINMARUKO,1,2025-07-09 00:06:30.481,2025-07-09 00:06:30.481,TOKYU
92,MUSASHIKOYAMA,NISHIKOYAMA,2,2025-07-09 00:06:30.481,2025-07-09 00:06:30.481,TOKYU
93,MUSASHIKOYAMA,FUDOMAE,1,2025-07-09 00:06:30.481,2025-07-09 00:06:30.481,TOKYU
94,MUSASHINITTA,SHIMOMARUKO,2,2025-07-09 00:06:30.481,2025-07-09 00:06:30.481,TOKYU
95,MUSASHINITTA,YAGUCHINOWATASHI,2,2025-07-09 00:06:30.481,2025-07-09 00:06:30.481,TOKYU
96,MYORENJI,HAKURAKU,2,2025-07-09 00:06:30.481,2025-07-09 00:06:30.481,TOKYU
97,MYORENJI,KIKUNA,2,2025-07-09 00:06:30.481,2025-07-09 00:06:30.481,TOKYU
98,NAGAHARA,SENZOKUIKE,2,2025-07-09 00:06:30.481,2025-07-09 00:06:30.481,TOKYU
99,NAGAHARA,HATANODAI,2,2025-07-09 00:06:30.481,2025-07-09 00:06:30.481,TOKYU
100,NAGATSUTA,TSUKUSHINO,3,2025-07-09 00:06:30.481,2025-07-09 00:06:30.481,TOKYU
101,NAGATSUTA,TANA,2,2025-07-09 00:06:30.481,2025-07-09 00:06:30.481,TOKYU
102,NAKAMEGURO,YUTENJI,2,2025-07-09 00:06:30.481,2025-07-09 00:06:30.481,TOKYU
103,NAKAMEGURO,DAIKANYAMA,2,2025-07-09 00:06:30.481,2025-07-09 00:06:30.481,TOKYU
104,NAKANOBU,EBARAMACHI,1,2025-07-09 00:06:30.481,2025-07-09 00:06:30.481,TOKYU
105,NAKANOBU,TOGOSHIKOEN,2,2025-07-09 00:06:30.481,2025-07-09 00:06:30.481,TOKYU
106,NIHONODORI,MOTOMACHICHUKAGAI,2,2025-07-09 00:06:30.481,2025-07-09 00:06:30.481,TOKYU
107,NIHONODORI,BASHAMICHI,2,2025-07-09 00:06:30.481,2025-07-09 00:06:30.481,TOKYU
108,NISHIKOYAMA,SENZOKU,2,2025-07-09 00:06:30.481,2025-07-09 00:06:30.481,TOKYU
109,NISHIKOYAMA,MUSASHIKOYAMA,2,2025-07-09 00:06:30.481,2025-07-09 00:06:30.481,TOKYU
110,NUMABE,TAMAGAWA,2,2025-07-09 00:06:30.481,2025-07-09 00:06:30.481,TOKYU
111,NUMABE,UNOKI,2,2025-07-09 00:06:30.481,2025-07-09 00:06:30.481,TOKYU
112,OIMACHI,SHIMOSHINMEI,3,2025-07-09 00:06:30.481,2025-07-09 00:06:30.481,TOKYU
113,OKURAYAMA,KIKUNA,2,2025-07-09 00:06:30.481,2025-07-09 00:06:30.481,TOKYU
114,OKURAYAMA,TSUNASHIMA,2,2025-07-09 00:06:30.481,2025-07-09 00:06:30.481,TOKYU
115,OKUSAWA,DENENCHOFU,2,2025-07-09 00:06:30.481,2025-07-09 00:06:30.481,TOKYU
116,OKUSAWA,OOKAYAMA,2,2025-07-09 00:06:30.481,2025-07-09 00:06:30.481,TOKYU
117,ONTAKESAN,KUGAHARA,2,2025-07-09 00:06:30.481,2025-07-09 00:06:30.481,TOKYU
118,ONTAKESAN,YUKIGAYAOTSUKA,1,2025-07-09 00:06:30.481,2025-07-09 00:06:30.481,TOKYU
119,OOKAYAMA,MIDORIGAOKA,1,2025-07-09 00:06:30.481,2025-07-09 00:06:30.481,TOKYU
120,OOKAYAMA,KITASENZOKU,2,2025-07-09 00:06:30.481,2025-07-09 00:06:30.481,TOKYU
121,OOKAYAMA,OKUSAWA,2,2025-07-09 00:06:30.481,2025-07-09 00:06:30.481,TOKYU
122,OOKAYAMA,SENZOKU,2,2025-07-09 00:06:30.481,2025-07-09 00:06:30.481,TOKYU
123,OSAKIHIROKOJI,TOGOSHIGINZA,2,2025-07-09 00:06:30.481,2025-07-09 00:06:30.481,TOKYU
124,OSAKIHIROKOJI,GOTANDA,2,2025-07-09 00:06:30.481,2025-07-09 00:06:30.481,TOKYU
125,OYAMADAI,TODOROKI,2,2025-07-09 00:06:30.481,2025-07-09 00:06:30.481,TOKYU
126,OYAMADAI,KUHONBUTSU,2,2025-07-09 00:06:30.481,2025-07-09 00:06:30.481,TOKYU
127,SAGINUMA,TAMAPLAZA,2,2025-07-09 00:06:30.481,2025-07-09 00:06:30.481,TOKYU
128,SAGINUMA,MIYAMAEDAIRA,2,2025-07-09 00:06:30.481,2025-07-09 00:06:30.481,TOKYU
129,SAKURASHINMACHI,YOGA,2,2025-07-09 00:06:30.481,2025-07-09 00:06:30.481,TOKYU
130,SAKURASHINMACHI,KOMAZAWADAIGAKU,3,2025-07-09 00:06:30.481,2025-07-09 00:06:30.481,TOKYU
131,SANGENJAYA,KOMAZAWADAIGAKU,2,2025-07-09 00:06:30.481,2025-07-09 00:06:30.481,TOKYU
132,SANGENJAYA,IKEJIRIOHASHI,3,2025-07-09 00:06:30.481,2025-07-09 00:06:30.481,TOKYU
133,SENZOKU,OOKAYAMA,2,2025-07-09 00:06:30.481,2025-07-09 00:06:30.481,TOKYU
134,SENZOKU,NISHIKOYAMA,2,2025-07-09 00:06:30.481,2025-07-09 00:06:30.481,TOKYU
135,SENZOKUIKE,ISHIKAWADAI,1,2025-07-09 00:06:30.481,2025-07-09 00:06:30.481,TOKYU
136,SENZOKUIKE,NAGAHARA,2,2025-07-09 00:06:30.481,2025-07-09 00:06:30.481,TOKYU
137,SHIBUYA,DAIKANYAMA,2,2025-07-09 00:06:30.481,2025-07-09 00:06:30.481,TOKYU
138,SHIBUYA,IKEJIRIOHASHI,3,2025-07-09 00:06:30.481,2025-07-09 00:06:30.481,TOKYU
139,SHIMOMARUKO,UNOKI,2,2025-07-09 00:06:30.481,2025-07-09 00:06:30.481,TOKYU
140,SHIMOMARUKO,MUSASHINITTA,2,2025-07-09 00:06:30.481,2025-07-09 00:06:30.481,TOKYU
141,SHIMOSHINMEI,TOGOSHIKOEN,2,2025-07-09 00:06:30.481,2025-07-09 00:06:30.481,TOKYU
142,SHIMOSHINMEI,OIMACHI,3,2025-07-09 00:06:30.481,2025-07-09 00:06:30.481,TOKYU
143,SHINMARUKO,MUSASHIKOSUGI,1,2025-07-09 00:06:30.481,2025-07-09 00:06:30.481,TOKYU
144,SHINMARUKO,TAMAGAWA,2,2025-07-09 00:06:30.481,2025-07-09 00:06:30.481,TOKYU
145,SHINTAKASHIMA,MINATOMIRAI,2,2025-07-09 00:06:30.481,2025-07-09 00:06:30.481,TOKYU
146,SHINTAKASHIMA,YOKOHAMA,2,2025-07-09 00:06:30.481,2025-07-09 00:06:30.481,TOKYU
147,SHINTSUNASHIMA,HIYOSHI,3,2025-07-09 00:06:30.481,2025-07-09 00:06:30.481,TOKYU
148,SHINTSUNASHIMA,SHINYOKOHAMA,4,2025-07-09 00:06:30.481,2025-07-09 00:06:30.481,TOKYU
149,SHINYOKOHAMA,SHINTSUNASHIMA,4,2025-07-09 00:06:30.481,2025-07-09 00:06:30.481,TOKYU
150,SUZUKAKEDAI,MINAMIMACHIDAGRANBERRYPARK,2,2025-07-09 00:06:30.481,2025-07-09 00:06:30.481,TOKYU
151,SUZUKAKEDAI,TSUKUSHINO,2,2025-07-09 00:06:30.481,2025-07-09 00:06:30.481,TOKYU
152,TAKATSU,MIZONOKUCHI,2,2025-07-09 00:06:30.481,2025-07-09 00:06:30.481,TOKYU
153,TAKATSU,FUTAKOSHINCHI,1,2025-07-09 00:06:30.481,2025-07-09 00:06:30.481,TOKYU
154,TAMAGAWA,SHINMARUKO,2,2025-07-09 00:06:30.481,2025-07-09 00:06:30.481,TOKYU
155,TAMAGAWA,DENENCHOFU,2,2025-07-09 00:06:30.481,2025-07-09 00:06:30.481,TOKYU
156,TAMAGAWA,NUMABE,2,2025-07-09 00:06:30.481,2025-07-09 00:06:30.481,TOKYU
157,TAMAPLAZA,AZAMINO,1,2025-07-09 00:06:30.481,2025-07-09 00:06:30.481,TOKYU
158,TAMAPLAZA,SAGINUMA,2,2025-07-09 00:06:30.481,2025-07-09 00:06:30.481,TOKYU
159,TANA,NAGATSUTA,2,2025-07-09 00:06:30.481,2025-07-09 00:06:30.481,TOKYU
160,TANA,AOBADAI,2,2025-07-09 00:06:30.481,2025-07-09 00:06:30.481,TOKYU
161,TANMACHI,YOKOHAMA,1,2025-07-09 00:06:30.481,2025-07-09 00:06:30.481,TOKYU
162,TANMACHI,HIGASHIHAKURAKU,2,2025-07-09 00:06:30.481,2025-07-09 00:06:30.481,TOKYU
163,TODOROKI,KAMINOGE,2,2025-07-09 00:06:30.481,2025-07-09 00:06:30.481,TOKYU
164,TODOROKI,OYAMADAI,2,2025-07-09 00:06:30.481,2025-07-09 00:06:30.481,TOKYU
165,TOGOSHIGINZA,EBARANAKANOBU,2,2025-07-09 00:06:30.481,2025-07-09 00:06:30.481,TOKYU
166,TOGOSHIGINZA,OSAKIHIROKOJI,2,2025-07-09 00:06:30.481,2025-07-09 00:06:30.481,TOKYU
167,TOGOSHIKOEN,NAKANOBU,2,2025-07-09 00:06:30.481,2025-07-09 00:06:30.481,TOKYU
168,TOGOSHIKOEN,SHIMOSHINMEI,2,2025-07-09 00:06:30.481,2025-07-09 00:06:30.481,TOKYU
169,TORITSUDAIGAKU,JIYUGAOKA,2,2025-07-09 00:06:30.481,2025-07-09 00:06:30.481,TOKYU
170,TORITSUDAIGAKU,GAKUGEIDAIGAKU,2,2025-07-09 00:06:30.481,2025-07-09 00:06:30.481,TOKYU
171,TSUKIMINO,CHUORINKAN,2,2025-07-09 00:06:30.481,2025-07-09 00:06:30.481,TOKYU
172,TSUKIMINO,MINAMIMACHIDAGRANBERRYPARK,1,2025-07-09 00:06:30.481,2025-07-09 00:06:30.481,TOKYU
173,TSUKUSHINO,SUZUKAKEDAI,2,2025-07-09 00:06:30.481,2025-07-09 00:06:30.481,TOKYU
174,TSUKUSHINO,NAGATSUTA,3,2025-07-09 00:06:30.481,2025-07-09 00:06:30.481,TOKYU
175,TSUNASHIMA,OKURAYAMA,2,2025-07-09 00:06:30.481,2025-07-09 00:06:30.481,TOKYU
176,TSUNASHIMA,HIYOSHI,2,2025-07-09 00:06:30.481,2025-07-09 00:06:30.481,TOKYU
177,UNOKI,NUMABE,2,2025-07-09 00:06:30.481,2025-07-09 00:06:30.481,TOKYU
178,UNOKI,SHIMOMARUKO,2,2025-07-09 00:06:30.481,2025-07-09 00:06:30.481,TOKYU
179,YAGUCHINOWATASHI,MUSASHINITTA,2,2025-07-09 00:06:30.481,2025-07-09 00:06:30.481,TOKYU
180,YAGUCHINOWATASHI,KAMATA,2,2025-07-09 00:06:30.481,2025-07-09 00:06:30.481,TOKYU
181,YOGA,FUTAKOTAMAGAWA,3,2025-07-09 00:06:30.481,2025-07-09 00:06:30.481,TOKYU
182,YOGA,SAKURASHINMACHI,2,2025-07-09 00:06:30.481,2025-07-09 00:06:30.481,TOKYU
183,YOKOHAMA,SHINTAKASHIMA,2,2025-07-09 00:06:30.481,2025-07-09 00:06:30.481,TOKYU
184,YOKOHAMA,TANMACHI,1,2025-07-09 00:06:30.481,2025-07-09 00:06:30.481,TOKYU
185,YUKIGAYAOTSUKA,ONTAKESAN,1,2025-07-09 00:06:30.481,2025-07-09 00:06:30.481,TOKYU
186,YUKIGAYAOTSUKA,ISHIKAWADAI,2,2025-07-09 00:06:30.481,2025-07-09 00:06:30.481,TOKYU
187,YUTENJI,GAKUGEIDAIGAKU,2,2025-07-09 00:06:30.481,2025-07-09 00:06:30.481,TOKYU
188,YUTENJI,NAKAMEGURO,2,2025-07-09 00:06:30.481,2025-07-09 00:06:30.481,TOKYU
189,DUMMY_STATION,DUMMY_NEARBY_STATION,2,2025-07-24 15:00:00,2025-07-24 15:00:00,DUMMY
190,DUMMY_NEARBY_STATION,DUMMY_STATION,2,2025-07-24 15:00:00,2025-07-24 15:00:00,DUMMY
567,TOKYU_V2_AOBADAI,TOKYU_V2_TANA,2,2025-09-17 11:13:32.426,2025-09-17 11:13:32.426,TOKYU_V2
568,TOKYU_V2_AOBADAI,TOKYU_V2_FUJIGAOKA,1,2025-09-17 11:13:32.426,2025-09-17 11:13:32.426,TOKYU_V2
569,TOKYU_V2_AZAMINO,TOKYU_V2_EDA,2,2025-09-17 11:13:32.426,2025-09-17 11:13:32.426,TOKYU_V2
570,TOKYU_V2_AZAMINO,TOKYU_V2_TAMAPLAZA,1,2025-09-17 11:13:32.426,2025-09-17 11:13:32.426,TOKYU_V2
571,TOKYU_V2_BASHAMICHI,TOKYU_V2_NIHONODORI,2,2025-09-17 11:13:32.426,2025-09-17 11:13:32.426,TOKYU_V2
572,TOKYU_V2_BASHAMICHI,TOKYU_V2_MINATOMIRAI,2,2025-09-17 11:13:32.426,2025-09-17 11:13:32.426,TOKYU_V2
573,TOKYU_V2_CHIDORICHO,TOKYU_V2_IKEGAMI,2,2025-09-17 11:13:32.426,2025-09-17 11:13:32.426,TOKYU_V2
574,TOKYU_V2_CHIDORICHO,TOKYU_V2_KUGAHARA,1,2025-09-17 11:13:32.426,2025-09-17 11:13:32.426,TOKYU_V2
575,TOKYU_V2_CHUORINKAN,TOKYU_V2_TSUKIMINO,2,2025-09-17 11:13:32.426,2025-09-17 11:13:32.426,TOKYU_V2
576,TOKYU_V2_DAIKANYAMA,TOKYU_V2_NAKAMEGURO,2,2025-09-17 11:13:32.426,2025-09-17 11:13:32.426,TOKYU_V2
577,TOKYU_V2_DAIKANYAMA,TOKYU_V2_SHIBUYA,2,2025-09-17 11:13:32.426,2025-09-17 11:13:32.426,TOKYU_V2
578,TOKYU_V2_DENENCHOFU,TOKYU_V2_TAMAGAWA,2,2025-09-17 11:13:32.426,2025-09-17 11:13:32.426,TOKYU_V2
579,TOKYU_V2_DENENCHOFU,TOKYU_V2_JIYUGAOKA,2,2025-09-17 11:13:32.426,2025-09-17 11:13:32.426,TOKYU_V2
580,TOKYU_V2_DENENCHOFU,TOKYU_V2_OKUSAWA,2,2025-09-17 11:13:32.426,2025-09-17 11:13:32.426,TOKYU_V2
581,TOKYU_V2_EBARAMACHI,TOKYU_V2_HATANODAI,2,2025-09-17 11:13:32.426,2025-09-17 11:13:32.426,TOKYU_V2
582,TOKYU_V2_EBARAMACHI,TOKYU_V2_NAKANOBU,1,2025-09-17 11:13:32.426,2025-09-17 11:13:32.426,TOKYU_V2
583,TOKYU_V2_EBARANAKANOBU,TOKYU_V2_HATANODAI,1,2025-09-17 11:13:32.426,2025-09-17 11:13:32.426,TOKYU_V2
584,TOKYU_V2_EBARANAKANOBU,TOKYU_V2_TOGOSHIGINZA,2,2025-09-17 11:13:32.426,2025-09-17 11:13:32.426,TOKYU_V2
585,TOKYU_V2_EDA,TOKYU_V2_ICHIGAO,2,2025-09-17 11:13:32.426,2025-09-17 11:13:32.426,TOKYU_V2
586,TOKYU_V2_EDA,TOKYU_V2_AZAMINO,2,2025-09-17 11:13:32.426,2025-09-17 11:13:32.426,TOKYU_V2
587,TOKYU_V2_FUDOMAE,TOKYU_V2_MUSASHIKOYAMA,1,2025-09-17 11:13:32.426,2025-09-17 11:13:32.426,TOKYU_V2
588,TOKYU_V2_FUDOMAE,TOKYU_V2_MEGURO,2,2025-09-17 11:13:32.426,2025-09-17 11:13:32.426,TOKYU_V2
589,TOKYU_V2_FUJIGAOKA,TOKYU_V2_AOBADAI,1,2025-09-17 11:13:32.426,2025-09-17 11:13:32.426,TOKYU_V2
590,TOKYU_V2_FUJIGAOKA,TOKYU_V2_ICHIGAO,2,2025-09-17 11:13:32.426,2025-09-17 11:13:32.426,TOKYU_V2
591,TOKYU_V2_FUTAKOSHINCHI,TOKYU_V2_TAKATSU,1,2025-09-17 11:13:32.426,2025-09-17 11:13:32.426,TOKYU_V2
592,TOKYU_V2_FUTAKOSHINCHI,TOKYU_V2_FUTAKOTAMAGAWA,2,2025-09-17 11:13:32.426,2025-09-17 11:13:32.426,TOKYU_V2
593,TOKYU_V2_FUTAKOTAMAGAWA,TOKYU_V2_FUTAKOSHINCHI,2,2025-09-17 11:13:32.426,2025-09-17 11:13:32.426,TOKYU_V2
594,TOKYU_V2_FUTAKOTAMAGAWA,TOKYU_V2_YOGA,3,2025-09-17 11:13:32.426,2025-09-17 11:13:32.426,TOKYU_V2
595,TOKYU_V2_FUTAKOTAMAGAWA,TOKYU_V2_KAMINOGE,2,2025-09-17 11:13:32.426,2025-09-17 11:13:32.426,TOKYU_V2
596,TOKYU_V2_GAKUGEIDAIGAKU,TOKYU_V2_TORITSUDAIGAKU,2,2025-09-17 11:13:32.426,2025-09-17 11:13:32.426,TOKYU_V2
597,TOKYU_V2_GAKUGEIDAIGAKU,TOKYU_V2_YUTENJI,2,2025-09-17 11:13:32.426,2025-09-17 11:13:32.426,TOKYU_V2
598,TOKYU_V2_GOTANDA,TOKYU_V2_OSAKIHIROKOJI,2,2025-09-17 11:13:32.426,2025-09-17 11:13:32.426,TOKYU_V2
599,TOKYU_V2_HAKURAKU,TOKYU_V2_HIGASHIHAKURAKU,2,2025-09-17 11:13:32.426,2025-09-17 11:13:32.426,TOKYU_V2
600,TOKYU_V2_HAKURAKU,TOKYU_V2_MYORENJI,2,2025-09-17 11:13:32.426,2025-09-17 11:13:32.426,TOKYU_V2
601,TOKYU_V2_HASUNUMA,TOKYU_V2_KAMATA,2,2025-09-17 11:13:32.426,2025-09-17 11:13:32.426,TOKYU_V2
602,TOKYU_V2_HASUNUMA,TOKYU_V2_IKEGAMI,2,2025-09-17 11:13:32.426,2025-09-17 11:13:32.426,TOKYU_V2
603,TOKYU_V2_HATANODAI,TOKYU_V2_KITASENZOKU,2,2025-09-17 11:13:32.426,2025-09-17 11:13:32.426,TOKYU_V2
604,TOKYU_V2_HATANODAI,TOKYU_V2_EBARAMACHI,2,2025-09-17 11:13:32.426,2025-09-17 11:13:32.426,TOKYU_V2
605,TOKYU_V2_HATANODAI,TOKYU_V2_NAGAHARA,2,2025-09-17 11:13:32.426,2025-09-17 11:13:32.426,TOKYU_V2
606,TOKYU_V2_HATANODAI,TOKYU_V2_EBARANAKANOBU,1,2025-09-17 11:13:32.426,2025-09-17 11:13:32.426,TOKYU_V2
607,TOKYU_V2_HIGASHIHAKURAKU,TOKYU_V2_TANMACHI,2,2025-09-17 11:13:32.426,2025-09-17 11:13:32.426,TOKYU_V2
608,TOKYU_V2_HIGASHIHAKURAKU,TOKYU_V2_HAKURAKU,2,2025-09-17 11:13:32.426,2025-09-17 11:13:32.426,TOKYU_V2
609,TOKYU_V2_HIYOSHI,TOKYU_V2_TSUNASHIMA,2,2025-09-17 11:13:32.426,2025-09-17 11:13:32.426,TOKYU_V2
610,TOKYU_V2_HIYOSHI,TOKYU_V2_MOTOSUMIYOSHI,2,2025-09-17 11:13:32.426,2025-09-17 11:13:32.426,TOKYU_V2
611,TOKYU_V2_HIYOSHI,TOKYU_V2_SHINTSUNASHIMA,3,2025-09-17 11:13:32.426,2025-09-17 11:13:32.426,TOKYU_V2
612,TOKYU_V2_ICHIGAO,TOKYU_V2_FUJIGAOKA,2,2025-09-17 11:13:32.426,2025-09-17 11:13:32.426,TOKYU_V2
613,TOKYU_V2_ICHIGAO,TOKYU_V2_EDA,2,2025-09-17 11:13:32.426,2025-09-17 11:13:32.426,TOKYU_V2
614,TOKYU_V2_IKEGAMI,TOKYU_V2_HASUNUMA,2,2025-09-17 11:13:32.426,2025-09-17 11:13:32.426,TOKYU_V2
615,TOKYU_V2_IKEGAMI,TOKYU_V2_CHIDORICHO,2,2025-09-17 11:13:32.426,2025-09-17 11:13:32.426,TOKYU_V2
616,TOKYU_V2_IKEJIRIOHASHI,TOKYU_V2_SANGENJAYA,3,2025-09-17 11:13:32.426,2025-09-17 11:13:32.426,TOKYU_V2
617,TOKYU_V2_IKEJIRIOHASHI,TOKYU_V2_SHIBUYA,3,2025-09-17 11:13:32.426,2025-09-17 11:13:32.426,TOKYU_V2
618,TOKYU_V2_ISHIKAWADAI,TOKYU_V2_YUKIGAYAOTSUKA,2,2025-09-17 11:13:32.426,2025-09-17 11:13:32.426,TOKYU_V2
619,TOKYU_V2_ISHIKAWADAI,TOKYU_V2_SENZOKUIKE,1,2025-09-17 11:13:32.426,2025-09-17 11:13:32.426,TOKYU_V2
620,TOKYU_V2_JIYUGAOKA,TOKYU_V2_DENENCHOFU,2,2025-09-17 11:13:32.426,2025-09-17 11:13:32.426,TOKYU_V2
621,TOKYU_V2_JIYUGAOKA,TOKYU_V2_TORITSUDAIGAKU,2,2025-09-17 11:13:32.426,2025-09-17 11:13:32.426,TOKYU_V2
622,TOKYU_V2_JIYUGAOKA,TOKYU_V2_KUHONBUTSU,2,2025-09-17 11:13:32.426,2025-09-17 11:13:32.426,TOKYU_V2
623,TOKYU_V2_JIYUGAOKA,TOKYU_V2_MIDORIGAOKA,2,2025-09-17 11:13:32.426,2025-09-17 11:13:32.426,TOKYU_V2
624,TOKYU_V2_KAJIGAYA,TOKYU_V2_MIYAZAKIDAI,2,2025-09-17 11:13:32.426,2025-09-17 11:13:32.426,TOKYU_V2
625,TOKYU_V2_KAJIGAYA,TOKYU_V2_MIZONOKUCHI,2,2025-09-17 11:13:32.426,2025-09-17 11:13:32.426,TOKYU_V2
626,TOKYU_V2_KAMATA,TOKYU_V2_YAGUCHINOWATASHI,2,2025-09-17 11:13:32.426,2025-09-17 11:13:32.426,TOKYU_V2
627,TOKYU_V2_KAMATA,TOKYU_V2_HASUNUMA,2,2025-09-17 11:13:32.426,2025-09-17 11:13:32.426,TOKYU_V2
628,TOKYU_V2_KAMINOGE,TOKYU_V2_FUTAKOTAMAGAWA,2,2025-09-17 11:13:32.426,2025-09-17 11:13:32.426,TOKYU_V2
629,TOKYU_V2_KAMINOGE,TOKYU_V2_TODOROKI,2,2025-09-17 11:13:32.426,2025-09-17 11:13:32.426,TOKYU_V2
630,TOKYU_V2_KIKUNA,TOKYU_V2_MYORENJI,2,2025-09-17 11:13:32.426,2025-09-17 11:13:32.426,TOKYU_V2
631,TOKYU_V2_KIKUNA,TOKYU_V2_OKURAYAMA,2,2025-09-17 11:13:32.426,2025-09-17 11:13:32.426,TOKYU_V2
632,TOKYU_V2_KITASENZOKU,TOKYU_V2_OOKAYAMA,2,2025-09-17 11:13:32.426,2025-09-17 11:13:32.426,TOKYU_V2
633,TOKYU_V2_KITASENZOKU,TOKYU_V2_HATANODAI,2,2025-09-17 11:13:32.426,2025-09-17 11:13:32.426,TOKYU_V2
634,TOKYU_V2_KOMAZAWADAIGAKU,TOKYU_V2_SAKURASHINMACHI,3,2025-09-17 11:13:32.426,2025-09-17 11:13:32.426,TOKYU_V2
635,TOKYU_V2_KOMAZAWADAIGAKU,TOKYU_V2_SANGENJAYA,2,2025-09-17 11:13:32.426,2025-09-17 11:13:32.426,TOKYU_V2
636,TOKYU_V2_KUGAHARA,TOKYU_V2_CHIDORICHO,1,2025-09-17 11:13:32.426,2025-09-17 11:13:32.426,TOKYU_V2
637,TOKYU_V2_KUGAHARA,TOKYU_V2_ONTAKESAN,2,2025-09-17 11:13:32.426,2025-09-17 11:13:32.426,TOKYU_V2
638,TOKYU_V2_KUHONBUTSU,TOKYU_V2_OYAMADAI,2,2025-09-17 11:13:32.426,2025-09-17 11:13:32.426,TOKYU_V2
639,TOKYU_V2_KUHONBUTSU,TOKYU_V2_JIYUGAOKA,2,2025-09-17 11:13:32.426,2025-09-17 11:13:32.426,TOKYU_V2
640,TOKYU_V2_MEGURO,TOKYU_V2_FUDOMAE,2,2025-09-17 11:13:32.426,2025-09-17 11:13:32.426,TOKYU_V2
641,TOKYU_V2_MIDORIGAOKA,TOKYU_V2_JIYUGAOKA,2,2025-09-17 11:13:32.426,2025-09-17 11:13:32.426,TOKYU_V2
642,TOKYU_V2_MIDORIGAOKA,TOKYU_V2_OOKAYAMA,1,2025-09-17 11:13:32.426,2025-09-17 11:13:32.426,TOKYU_V2
643,TOKYU_V2_MINAMIMACHIDAGRANBERRYPARK,TOKYU_V2_TSUKIMINO,1,2025-09-17 11:13:32.426,2025-09-17 11:13:32.426,TOKYU_V2
644,TOKYU_V2_MINAMIMACHIDAGRANBERRYPARK,TOKYU_V2_SUZUKAKEDAI,2,2025-09-17 11:13:32.426,2025-09-17 11:13:32.426,TOKYU_V2
645,TOKYU_V2_MINATOMIRAI,TOKYU_V2_BASHAMICHI,2,2025-09-17 11:13:32.426,2025-09-17 11:13:32.426,TOKYU_V2
646,TOKYU_V2_MINATOMIRAI,TOKYU_V2_SHINTAKASHIMA,2,2025-09-17 11:13:32.426,2025-09-17 11:13:32.426,TOKYU_V2
647,TOKYU_V2_MIYAMAEDAIRA,TOKYU_V2_SAGINUMA,2,2025-09-17 11:13:32.426,2025-09-17 11:13:32.426,TOKYU_V2
648,TOKYU_V2_MIYAMAEDAIRA,TOKYU_V2_MIYAZAKIDAI,2,2025-09-17 11:13:32.426,2025-09-17 11:13:32.426,TOKYU_V2
649,TOKYU_V2_MIYAZAKIDAI,TOKYU_V2_MIYAMAEDAIRA,2,2025-09-17 11:13:32.426,2025-09-17 11:13:32.426,TOKYU_V2
650,TOKYU_V2_MIYAZAKIDAI,TOKYU_V2_KAJIGAYA,2,2025-09-17 11:13:32.426,2025-09-17 11:13:32.426,TOKYU_V2
651,TOKYU_V2_MIZONOKUCHI,TOKYU_V2_KAJIGAYA,2,2025-09-17 11:13:32.426,2025-09-17 11:13:32.426,TOKYU_V2
652,TOKYU_V2_MIZONOKUCHI,TOKYU_V2_TAKATSU,2,2025-09-17 11:13:32.426,2025-09-17 11:13:32.426,TOKYU_V2
653,TOKYU_V2_MOTOMACHICHUKAGAI,TOKYU_V2_NIHONODORI,2,2025-09-17 11:13:32.426,2025-09-17 11:13:32.426,TOKYU_V2
654,TOKYU_V2_MOTOSUMIYOSHI,TOKYU_V2_HIYOSHI,2,2025-09-17 11:13:32.426,2025-09-17 11:13:32.426,TOKYU_V2
655,TOKYU_V2_MOTOSUMIYOSHI,TOKYU_V2_MUSASHIKOSUGI,1,2025-09-17 11:13:32.426,2025-09-17 11:13:32.426,TOKYU_V2
656,TOKYU_V2_MUSASHIKOSUGI,TOKYU_V2_MOTOSUMIYOSHI,1,2025-09-17 11:13:32.426,2025-09-17 11:13:32.426,TOKYU_V2
657,TOKYU_V2_MUSASHIKOSUGI,TOKYU_V2_SHINMARUKO,1,2025-09-17 11:13:32.426,2025-09-17 11:13:32.426,TOKYU_V2
658,TOKYU_V2_MUSASHIKOYAMA,TOKYU_V2_NISHIKOYAMA,2,2025-09-17 11:13:32.426,2025-09-17 11:13:32.426,TOKYU_V2
659,TOKYU_V2_MUSASHIKOYAMA,TOKYU_V2_FUDOMAE,1,2025-09-17 11:13:32.426,2025-09-17 11:13:32.426,TOKYU_V2
660,TOKYU_V2_MUSASHINITTA,TOKYU_V2_SHIMOMARUKO,2,2025-09-17 11:13:32.426,2025-09-17 11:13:32.426,TOKYU_V2
661,TOKYU_V2_MUSASHINITTA,TOKYU_V2_YAGUCHINOWATASHI,2,2025-09-17 11:13:32.426,2025-09-17 11:13:32.426,TOKYU_V2
662,TOKYU_V2_MYORENJI,TOKYU_V2_HAKURAKU,2,2025-09-17 11:13:32.426,2025-09-17 11:13:32.426,TOKYU_V2
663,TOKYU_V2_MYORENJI,TOKYU_V2_KIKUNA,2,2025-09-17 11:13:32.426,2025-09-17 11:13:32.426,TOKYU_V2
664,TOKYU_V2_NAGAHARA,TOKYU_V2_SENZOKUIKE,2,2025-09-17 11:13:32.426,2025-09-17 11:13:32.426,TOKYU_V2
665,TOKYU_V2_NAGAHARA,TOKYU_V2_HATANODAI,2,2025-09-17 11:13:32.426,2025-09-17 11:13:32.426,TOKYU_V2
666,TOKYU_V2_NAGATSUTA,TOKYU_V2_TSUKUSHINO,3,2025-09-17 11:13:32.426,2025-09-17 11:13:32.426,TOKYU_V2
667,TOKYU_V2_NAGATSUTA,TOKYU_V2_TANA,2,2025-09-17 11:13:32.426,2025-09-17 11:13:32.426,TOKYU_V2
668,TOKYU_V2_NAKAMEGURO,TOKYU_V2_YUTENJI,2,2025-09-17 11:13:32.426,2025-09-17 11:13:32.426,TOKYU_V2
669,TOKYU_V2_NAKAMEGURO,TOKYU_V2_DAIKANYAMA,2,2025-09-17 11:13:32.426,2025-09-17 11:13:32.426,TOKYU_V2
670,TOKYU_V2_NAKANOBU,TOKYU_V2_EBARAMACHI,1,2025-09-17 11:13:32.426,2025-09-17 11:13:32.426,TOKYU_V2
671,TOKYU_V2_NAKANOBU,TOKYU_V2_TOGOSHIKOEN,2,2025-09-17 11:13:32.426,2025-09-17 11:13:32.426,TOKYU_V2
672,TOKYU_V2_NIHONODORI,TOKYU_V2_MOTOMACHICHUKAGAI,2,2025-09-17 11:13:32.426,2025-09-17 11:13:32.426,TOKYU_V2
673,TOKYU_V2_NIHONODORI,TOKYU_V2_BASHAMICHI,2,2025-09-17 11:13:32.426,2025-09-17 11:13:32.426,TOKYU_V2
674,TOKYU_V2_NISHIKOYAMA,TOKYU_V2_SENZOKU,2,2025-09-17 11:13:32.426,2025-09-17 11:13:32.426,TOKYU_V2
675,TOKYU_V2_NISHIKOYAMA,TOKYU_V2_MUSASHIKOYAMA,2,2025-09-17 11:13:32.426,2025-09-17 11:13:32.426,TOKYU_V2
676,TOKYU_V2_NUMABE,TOKYU_V2_TAMAGAWA,2,2025-09-17 11:13:32.426,2025-09-17 11:13:32.426,TOKYU_V2
677,TOKYU_V2_NUMABE,TOKYU_V2_UNOKI,2,2025-09-17 11:13:32.426,2025-09-17 11:13:32.426,TOKYU_V2
678,TOKYU_V2_OIMACHI,TOKYU_V2_SHIMOSHINMEI,3,2025-09-17 11:13:32.426,2025-09-17 11:13:32.426,TOKYU_V2
679,TOKYU_V2_OKURAYAMA,TOKYU_V2_KIKUNA,2,2025-09-17 11:13:32.426,2025-09-17 11:13:32.426,TOKYU_V2
680,TOKYU_V2_OKURAYAMA,TOKYU_V2_TSUNASHIMA,2,2025-09-17 11:13:32.426,2025-09-17 11:13:32.426,TOKYU_V2
681,TOKYU_V2_OKUSAWA,TOKYU_V2_DENENCHOFU,2,2025-09-17 11:13:32.426,2025-09-17 11:13:32.426,TOKYU_V2
682,TOKYU_V2_OKUSAWA,TOKYU_V2_OOKAYAMA,2,2025-09-17 11:13:32.426,2025-09-17 11:13:32.426,TOKYU_V2
683,TOKYU_V2_ONTAKESAN,TOKYU_V2_KUGAHARA,2,2025-09-17 11:13:32.426,2025-09-17 11:13:32.426,TOKYU_V2
684,TOKYU_V2_ONTAKESAN,TOKYU_V2_YUKIGAYAOTSUKA,1,2025-09-17 11:13:32.426,2025-09-17 11:13:32.426,TOKYU_V2
685,TOKYU_V2_OOKAYAMA,TOKYU_V2_MIDORIGAOKA,1,2025-09-17 11:13:32.426,2025-09-17 11:13:32.426,TOKYU_V2
686,TOKYU_V2_OOKAYAMA,TOKYU_V2_KITASENZOKU,2,2025-09-17 11:13:32.426,2025-09-17 11:13:32.426,TOKYU_V2
687,TOKYU_V2_OOKAYAMA,TOKYU_V2_OKUSAWA,2,2025-09-17 11:13:32.426,2025-09-17 11:13:32.426,TOKYU_V2
688,TOKYU_V2_OOKAYAMA,TOKYU_V2_SENZOKU,2,2025-09-17 11:13:32.426,2025-09-17 11:13:32.426,TOKYU_V2
689,TOKYU_V2_OSAKIHIROKOJI,TOKYU_V2_TOGOSHIGINZA,2,2025-09-17 11:13:32.426,2025-09-17 11:13:32.426,TOKYU_V2
690,TOKYU_V2_OSAKIHIROKOJI,TOKYU_V2_GOTANDA,2,2025-09-17 11:13:32.426,2025-09-17 11:13:32.426,TOKYU_V2
691,TOKYU_V2_OYAMADAI,TOKYU_V2_TODOROKI,2,2025-09-17 11:13:32.426,2025-09-17 11:13:32.426,TOKYU_V2
692,TOKYU_V2_OYAMADAI,TOKYU_V2_KUHONBUTSU,2,2025-09-17 11:13:32.426,2025-09-17 11:13:32.426,TOKYU_V2
693,TOKYU_V2_SAGINUMA,TOKYU_V2_TAMAPLAZA,2,2025-09-17 11:13:32.426,2025-09-17 11:13:32.426,TOKYU_V2
694,TOKYU_V2_SAGINUMA,TOKYU_V2_MIYAMAEDAIRA,2,2025-09-17 11:13:32.426,2025-09-17 11:13:32.426,TOKYU_V2
695,TOKYU_V2_SAKURASHINMACHI,TOKYU_V2_YOGA,2,2025-09-17 11:13:32.426,2025-09-17 11:13:32.426,TOKYU_V2
696,TOKYU_V2_SAKURASHINMACHI,TOKYU_V2_KOMAZAWADAIGAKU,3,2025-09-17 11:13:32.426,2025-09-17 11:13:32.426,TOKYU_V2
697,TOKYU_V2_SANGENJAYA,TOKYU_V2_KOMAZAWADAIGAKU,2,2025-09-17 11:13:32.426,2025-09-17 11:13:32.426,TOKYU_V2
698,TOKYU_V2_SANGENJAYA,TOKYU_V2_IKEJIRIOHASHI,3,2025-09-17 11:13:32.426,2025-09-17 11:13:32.426,TOKYU_V2
699,TOKYU_V2_SENZOKU,TOKYU_V2_OOKAYAMA,2,2025-09-17 11:13:32.426,2025-09-17 11:13:32.426,TOKYU_V2
700,TOKYU_V2_SENZOKU,TOKYU_V2_NISHIKOYAMA,2,2025-09-17 11:13:32.426,2025-09-17 11:13:32.426,TOKYU_V2
701,TOKYU_V2_SENZOKUIKE,TOKYU_V2_ISHIKAWADAI,1,2025-09-17 11:13:32.426,2025-09-17 11:13:32.426,TOKYU_V2
702,TOKYU_V2_SENZOKUIKE,TOKYU_V2_NAGAHARA,2,2025-09-17 11:13:32.426,2025-09-17 11:13:32.426,TOKYU_V2
703,TOKYU_V2_SHIBUYA,TOKYU_V2_DAIKANYAMA,2,2025-09-17 11:13:32.426,2025-09-17 11:13:32.426,TOKYU_V2
704,TOKYU_V2_SHIBUYA,TOKYU_V2_IKEJIRIOHASHI,3,2025-09-17 11:13:32.426,2025-09-17 11:13:32.426,TOKYU_V2
705,TOKYU_V2_SHIMOMARUKO,TOKYU_V2_UNOKI,2,2025-09-17 11:13:32.426,2025-09-17 11:13:32.426,TOKYU_V2
706,TOKYU_V2_SHIMOMARUKO,TOKYU_V2_MUSASHINITTA,2,2025-09-17 11:13:32.426,2025-09-17 11:13:32.426,TOKYU_V2
707,TOKYU_V2_SHIMOSHINMEI,TOKYU_V2_TOGOSHIKOEN,2,2025-09-17 11:13:32.426,2025-09-17 11:13:32.426,TOKYU_V2
708,TOKYU_V2_SHIMOSHINMEI,TOKYU_V2_OIMACHI,3,2025-09-17 11:13:32.426,2025-09-17 11:13:32.426,TOKYU_V2
709,TOKYU_V2_SHINMARUKO,TOKYU_V2_MUSASHIKOSUGI,1,2025-09-17 11:13:32.426,2025-09-17 11:13:32.426,TOKYU_V2
710,TOKYU_V2_SHINMARUKO,TOKYU_V2_TAMAGAWA,2,2025-09-17 11:13:32.426,2025-09-17 11:13:32.426,TOKYU_V2
711,TOKYU_V2_SHINTAKASHIMA,TOKYU_V2_MINATOMIRAI,2,2025-09-17 11:13:32.426,2025-09-17 11:13:32.426,TOKYU_V2
712,TOKYU_V2_SHINTAKASHIMA,TOKYU_V2_YOKOHAMA,2,2025-09-17 11:13:32.426,2025-09-17 11:13:32.426,TOKYU_V2
713,TOKYU_V2_SHINTSUNASHIMA,TOKYU_V2_HIYOSHI,3,2025-09-17 11:13:32.426,2025-09-17 11:13:32.426,TOKYU_V2
714,TOKYU_V2_SHINTSUNASHIMA,TOKYU_V2_SHINYOKOHAMA,4,2025-09-17 11:13:32.426,2025-09-17 11:13:32.426,TOKYU_V2
715,TOKYU_V2_SHINYOKOHAMA,TOKYU_V2_SHINTSUNASHIMA,4,2025-09-17 11:13:32.426,2025-09-17 11:13:32.426,TOKYU_V2
716,TOKYU_V2_SUZUKAKEDAI,TOKYU_V2_MINAMIMACHIDAGRANBERRYPARK,2,2025-09-17 11:13:32.426,2025-09-17 11:13:32.426,TOKYU_V2
717,TOKYU_V2_SUZUKAKEDAI,TOKYU_V2_TSUKUSHINO,2,2025-09-17 11:13:32.426,2025-09-17 11:13:32.426,TOKYU_V2
718,TOKYU_V2_TAKATSU,TOKYU_V2_MIZONOKUCHI,2,2025-09-17 11:13:32.426,2025-09-17 11:13:32.426,TOKYU_V2
719,TOKYU_V2_TAKATSU,TOKYU_V2_FUTAKOSHINCHI,1,2025-09-17 11:13:32.426,2025-09-17 11:13:32.426,TOKYU_V2
720,TOKYU_V2_TAMAGAWA,TOKYU_V2_SHINMARUKO,2,2025-09-17 11:13:32.426,2025-09-17 11:13:32.426,TOKYU_V2
721,TOKYU_V2_TAMAGAWA,TOKYU_V2_DENENCHOFU,2,2025-09-17 11:13:32.426,2025-09-17 11:13:32.426,TOKYU_V2
722,TOKYU_V2_TAMAGAWA,TOKYU_V2_NUMABE,2,2025-09-17 11:13:32.426,2025-09-17 11:13:32.426,TOKYU_V2
723,TOKYU_V2_TAMAPLAZA,TOKYU_V2_AZAMINO,1,2025-09-17 11:13:32.426,2025-09-17 11:13:32.426,TOKYU_V2
724,TOKYU_V2_TAMAPLAZA,TOKYU_V2_SAGINUMA,2,2025-09-17 11:13:32.426,2025-09-17 11:13:32.426,TOKYU_V2
725,TOKYU_V2_TANA,TOKYU_V2_NAGATSUTA,2,2025-09-17 11:13:32.426,2025-09-17 11:13:32.426,TOKYU_V2
726,TOKYU_V2_TANA,TOKYU_V2_AOBADAI,2,2025-09-17 11:13:32.426,2025-09-17 11:13:32.426,TOKYU_V2
727,TOKYU_V2_TANMACHI,TOKYU_V2_YOKOHAMA,1,2025-09-17 11:13:32.426,2025-09-17 11:13:32.426,TOKYU_V2
728,TOKYU_V2_TANMACHI,TOKYU_V2_HIGASHIHAKURAKU,2,2025-09-17 11:13:32.426,2025-09-17 11:13:32.426,TOKYU_V2
729,TOKYU_V2_TODOROKI,TOKYU_V2_KAMINOGE,2,2025-09-17 11:13:32.426,2025-09-17 11:13:32.426,TOKYU_V2
730,TOKYU_V2_TODOROKI,TOKYU_V2_OYAMADAI,2,2025-09-17 11:13:32.426,2025-09-17 11:13:32.426,TOKYU_V2
731,TOKYU_V2_TOGOSHIGINZA,TOKYU_V2_EBARANAKANOBU,2,2025-09-17 11:13:32.426,2025-09-17 11:13:32.426,TOKYU_V2
732,TOKYU_V2_TOGOSHIGINZA,TOKYU_V2_OSAKIHIROKOJI,2,2025-09-17 11:13:32.426,2025-09-17 11:13:32.426,TOKYU_V2
733,TOKYU_V2_TOGOSHIKOEN,TOKYU_V2_NAKANOBU,2,2025-09-17 11:13:32.426,2025-09-17 11:13:32.426,TOKYU_V2
734,TOKYU_V2_TOGOSHIKOEN,TOKYU_V2_SHIMOSHINMEI,2,2025-09-17 11:13:32.426,2025-09-17 11:13:32.426,TOKYU_V2
735,TOKYU_V2_TORITSUDAIGAKU,TOKYU_V2_JIYUGAOKA,2,2025-09-17 11:13:32.426,2025-09-17 11:13:32.426,TOKYU_V2
736,TOKYU_V2_TORITSUDAIGAKU,TOKYU_V2_GAKUGEIDAIGAKU,2,2025-09-17 11:13:32.426,2025-09-17 11:13:32.426,TOKYU_V2
737,TOKYU_V2_TSUKIMINO,TOKYU_V2_CHUORINKAN,2,2025-09-17 11:13:32.426,2025-09-17 11:13:32.426,TOKYU_V2
738,TOKYU_V2_TSUKIMINO,TOKYU_V2_MINAMIMACHIDAGRANBERRYPARK,1,2025-09-17 11:13:32.426,2025-09-17 11:13:32.426,TOKYU_V2
739,TOKYU_V2_TSUKUSHINO,TOKYU_V2_SUZUKAKEDAI,2,2025-09-17 11:13:32.426,2025-09-17 11:13:32.426,TOKYU_V2
740,TOKYU_V2_TSUKUSHINO,TOKYU_V2_NAGATSUTA,3,2025-09-17 11:13:32.426,2025-09-17 11:13:32.426,TOKYU_V2
741,TOKYU_V2_TSUNASHIMA,TOKYU_V2_OKURAYAMA,2,2025-09-17 11:13:32.426,2025-09-17 11:13:32.426,TOKYU_V2
742,TOKYU_V2_TSUNASHIMA,TOKYU_V2_HIYOSHI,2,2025-09-17 11:13:32.426,2025-09-17 11:13:32.426,TOKYU_V2
743,TOKYU_V2_UNOKI,TOKYU_V2_NUMABE,2,2025-09-17 11:13:32.426,2025-09-17 11:13:32.426,TOKYU_V2
744,TOKYU_V2_UNOKI,TOKYU_V2_SHIMOMARUKO,2,2025-09-17 11:13:32.426,2025-09-17 11:13:32.426,TOKYU_V2
745,TOKYU_V2_YAGUCHINOWATASHI,TOKYU_V2_MUSASHINITTA,2,2025-09-17 11:13:32.426,2025-09-17 11:13:32.426,TOKYU_V2
746,TOKYU_V2_YAGUCHINOWATASHI,TOKYU_V2_KAMATA,2,2025-09-17 11:13:32.426,2025-09-17 11:13:32.426,TOKYU_V2
747,TOKYU_V2_YOGA,TOKYU_V2_FUTAKOTAMAGAWA,3,2025-09-17 11:13:32.426,2025-09-17 11:13:32.426,TOKYU_V2
748,TOKYU_V2_YOGA,TOKYU_V2_SAKURASHINMACHI,2,2025-09-17 11:13:32.426,2025-09-17 11:13:32.426,TOKYU_V2
749,TOKYU_V2_YOKOHAMA,TOKYU_V2_SHINTAKASHIMA,2,2025-09-17 11:13:32.426,2025-09-17 11:13:32.426,TOKYU_V2
750,TOKYU_V2_YOKOHAMA,TOKYU_V2_TANMACHI,1,2025-09-17 11:13:32.426,2025-09-17 11:13:32.426,TOKYU_V2
751,TOKYU_V2_YUKIGAYAOTSUKA,TOKYU_V2_ONTAKESAN,1,2025-09-17 11:13:32.426,2025-09-17 11:13:32.426,TOKYU_V2
752,TOKYU_V2_YUKIGAYAOTSUKA,TOKYU_V2_ISHIKAWADAI,2,2025-09-17 11:13:32.426,2025-09-17 11:13:32.426,TOKYU_V2
753,TOKYU_V2_YUTENJI,TOKYU_V2_GAKUGEIDAIGAKU,2,2025-09-17 11:13:32.426,2025-09-17 11:13:32.426,TOKYU_V2
754,TOKYU_V2_YUTENJI,TOKYU_V2_NAKAMEGURO,2,2025-09-17 11:13:32.426,2025-09-17 11:13:32.426,TOKYU_V2
755,METRO_V1_SHIBUYA,METRO_V1_OMOTE-SANDO,2,2026-03-11 23:42:48.426,2026-03-11 23:42:48.426,METRO_V1
756,METRO_V1_OMOTE-SANDO,METRO_V1_SHIBUYA,2,2026-03-11 23:42:48.426,2026-03-11 23:42:48.426,METRO_V1
757,METRO_V1_OMOTE-SANDO,METRO_V1_GAIEMMAE,2,2026-03-11 23:42:48.426,2026-03-11 23:42:48.426,METRO_V1
758,METRO_V1_GAIEMMAE,METRO_V1_OMOTE-SANDO,1,2026-03-11 23:42:48.426,2026-03-11 23:42:48.426,METRO_V1
759,METRO_V1_GAIEMMAE,METRO_V1_AOYAMA-ITCHOME,1,2026-03-11 23:42:48.426,2026-03-11 23:42:48.426,METRO_V1
760,METRO_V1_AOYAMA-ITCHOME,METRO_V1_GAIEMMAE,1,2026-03-11 23:42:48.426,2026-03-11 23:42:48.426,METRO_V1
761,METRO_V1_AOYAMA-ITCHOME,METRO_V1_AKASAKA-MITSUKE,2,2026-03-11 23:42:48.426,2026-03-11 23:42:48.426,METRO_V1
762,METRO_V1_AKASAKA-MITSUKE,METRO_V1_AOYAMA-ITCHOME,2,2026-03-11 23:42:48.426,2026-03-11 23:42:48.426,METRO_V1
763,METRO_V1_AKASAKA-MITSUKE,METRO_V1_TAMEIKE-SANNO,2,2026-03-11 23:42:48.426,2026-03-11 23:42:48.426,METRO_V1
764,METRO_V1_TAMEIKE-SANNO,METRO_V1_AKASAKA-MITSUKE,2,2026-03-11 23:42:48.426,2026-03-11 23:42:48.426,METRO_V1
765,METRO_V1_TAMEIKE-SANNO,METRO_V1_TORANOMON,2,2026-03-11 23:42:48.426,2026-03-11 23:42:48.426,METRO_V1
766,METRO_V1_TORANOMON,METRO_V1_TAMEIKE-SANNO,2,2026-03-11 23:42:48.426,2026-03-11 23:42:48.426,METRO_V1
767,METRO_V1_TORANOMON,METRO_V1_SHIMBASHI,2,2026-03-11 23:42:48.426,2026-03-11 23:42:48.426,METRO_V1
768,METRO_V1_SHIMBASHI,METRO_V1_TORANOMON,2,2026-03-11 23:42:48.426,2026-03-11 23:42:48.426,METRO_V1
769,METRO_V1_SHIMBASHI,METRO_V1_GINZA,2,2026-03-11 23:42:48.426,2026-03-11 23:42:48.426,METRO_V1
770,METRO_V1_GINZA,METRO_V1_SHIMBASHI,2,2026-03-11 23:42:48.426,2026-03-11 23:42:48.426,METRO_V1
771,METRO_V1_GINZA,METRO_V1_KYOBASHI,2,2026-03-11 23:42:48.426,2026-03-11 23:42:48.426,METRO_V1
772,METRO_V1_KYOBASHI,METRO_V1_GINZA,2,2026-03-11 23:42:48.426,2026-03-11 23:42:48.426,METRO_V1
773,METRO_V1_KYOBASHI,METRO_V1_NIHOMBASHI,1,2026-03-11 23:42:48.426,2026-03-11 23:42:48.426,METRO_V1
774,METRO_V1_NIHOMBASHI,METRO_V1_KYOBASHI,1,2026-03-11 23:42:48.426,2026-03-11 23:42:48.426,METRO_V1
775,METRO_V1_NIHOMBASHI,METRO_V1_MITSUKOSHIMAE,2,2026-03-11 23:42:48.426,2026-03-11 23:42:48.426,METRO_V1
776,METRO_V1_MITSUKOSHIMAE,METRO_V1_NIHOMBASHI,2,2026-03-11 23:42:48.426,2026-03-11 23:42:48.426,METRO_V1
777,METRO_V1_MITSUKOSHIMAE,METRO_V1_KANDA,2,2026-03-11 23:42:48.426,2026-03-11 23:42:48.426,METRO_V1
778,METRO_V1_KANDA,METRO_V1_MITSUKOSHIMAE,2,2026-03-11 23:42:48.426,2026-03-11 23:42:48.426,METRO_V1
779,METRO_V1_KANDA,METRO_V1_SUEHIROCHO,2,2026-03-11 23:42:48.426,2026-03-11 23:42:48.426,METRO_V1
780,METRO_V1_SUEHIROCHO,METRO_V1_KANDA,2,2026-03-11 23:42:48.426,2026-03-11 23:42:48.426,METRO_V1
781,METRO_V1_SUEHIROCHO,METRO_V1_UENO-HIROKOJI,2,2026-03-11 23:42:48.426,2026-03-11 23:42:48.426,METRO_V1
782,METRO_V1_UENO-HIROKOJI,METRO_V1_SUEHIROCHO,2,2026-03-11 23:42:48.426,2026-03-11 23:42:48.426,METRO_V1
783,METRO_V1_UENO-HIROKOJI,METRO_V1_UENO,1,2026-03-11 23:42:48.426,2026-03-11 23:42:48.426,METRO_V1
784,METRO_V1_UENO,METRO_V1_UENO-HIROKOJI,1,2026-03-11 23:42:48.426,2026-03-11 23:42:48.426,METRO_V1
785,METRO_V1_UENO,METRO_V1_INARICHO,2,2026-03-11 23:42:48.426,2026-03-11 23:42:48.426,METRO_V1
786,METRO_V1_INARICHO,METRO_V1_UENO,2,2026-03-11 23:42:48.426,2026-03-11 23:42:48.426,METRO_V1
787,METRO_V1_INARICHO,METRO_V1_TAWARAMACHI,2,2026-03-11 23:42:48.426,2026-03-11 23:42:48.426,METRO_V1
788,METRO_V1_TAWARAMACHI,METRO_V1_INARICHO,1,2026-03-11 23:42:48.426,2026-03-11 23:42:48.426,METRO_V1
789,METRO_V1_TAWARAMACHI,METRO_V1_ASAKUSA,2,2026-03-11 23:42:48.426,2026-03-11 23:42:48.426,METRO_V1
790,METRO_V1_ASAKUSA,METRO_V1_TAWARAMACHI,2,2026-03-11 23:42:48.426,2026-03-11 23:42:48.426,METRO_V1
791,METRO_V1_NAKANO-SAKAUE,METRO_V1_NAKANO-SHIMBASHI,3,2026-03-11 23:42:48.426,2026-03-11 23:42:48.426,METRO_V1
792,METRO_V1_NAKANO-SHIMBASHI,METRO_V1_NAKANO-SAKAUE,3,2026-03-11 23:42:48.426,2026-03-11 23:42:48.426,METRO_V1
793,METRO_V1_NAKANO-SHIMBASHI,METRO_V1_NAKANO-FUJIMICHO,2,2026-03-11 23:42:48.426,2026-03-11 23:42:48.426,METRO_V1
794,METRO_V1_NAKANO-FUJIMICHO,METRO_V1_NAKANO-SHIMBASHI,1,2026-03-11 23:42:48.426,2026-03-11 23:42:48.426,METRO_V1
795,METRO_V1_NAKANO-FUJIMICHO,METRO_V1_HONANCHO,2,2026-03-11 23:42:48.426,2026-03-11 23:42:48.426,METRO_V1
796,METRO_V1_HONANCHO,METRO_V1_NAKANO-FUJIMICHO,3,2026-03-11 23:42:48.426,2026-03-11 23:42:48.426,METRO_V1
797,METRO_V1_OGIKUBO,METRO_V1_MINAMI-ASAGAYA,3,2026-03-11 23:42:48.426,2026-03-11 23:42:48.426,METRO_V1
798,METRO_V1_MINAMI-ASAGAYA,METRO_V1_OGIKUBO,2,2026-03-11 23:42:48.426,2026-03-11 23:42:48.426,METRO_V1
799,METRO_V1_MINAMI-ASAGAYA,METRO_V1_SHIN-KOENJI,2,2026-03-11 23:42:48.426,2026-03-11 23:42:48.426,METRO_V1
800,METRO_V1_SHIN-KOENJI,METRO_V1_MINAMI-ASAGAYA,1,2026-03-11 23:42:48.426,2026-03-11 23:42:48.426,METRO_V1
801,METRO_V1_SHIN-KOENJI,METRO_V1_HIGASHI-KOENJI,2,2026-03-11 23:42:48.426,2026-03-11 23:42:48.426,METRO_V1
802,METRO_V1_HIGASHI-KOENJI,METRO_V1_SHIN-KOENJI,1,2026-03-11 23:42:48.426,2026-03-11 23:42:48.426,METRO_V1
803,METRO_V1_HIGASHI-KOENJI,METRO_V1_SHIN-NAKANO,2,2026-03-11 23:42:48.426,2026-03-11 23:42:48.426,METRO_V1
804,METRO_V1_SHIN-NAKANO,METRO_V1_HIGASHI-KOENJI,2,2026-03-11 23:42:48.426,2026-03-11 23:42:48.426,METRO_V1
805,METRO_V1_NAKANO-SAKAUE,METRO_V1_NISHI-SHINJUKU,1,2026-03-11 23:42:48.426,2026-03-11 23:42:48.426,METRO_V1
806,METRO_V1_NISHI-SHINJUKU,METRO_V1_NAKANO-SAKAUE,2,2026-03-11 23:42:48.426,2026-03-11 23:42:48.426,METRO_V1
807,METRO_V1_NISHI-SHINJUKU,METRO_V1_SHINJUKU,1,2026-03-11 23:42:48.426,2026-03-11 23:42:48.426,METRO_V1
808,METRO_V1_SHINJUKU,METRO_V1_NISHI-SHINJUKU,1,2026-03-11 23:42:48.426,2026-03-11 23:42:48.426,METRO_V1
809,METRO_V1_SHINJUKU,METRO_V1_SHINJUKU-SANCHOME,1,2026-03-11 23:42:48.426,2026-03-11 23:42:48.426,METRO_V1
810,METRO_V1_SHINJUKU-SANCHOME,METRO_V1_SHINJUKU,1,2026-03-11 23:42:48.426,2026-03-11 23:42:48.426,METRO_V1
811,METRO_V1_SHINJUKU-SANCHOME,METRO_V1_SHINJUKU-GYOEMMAE,1,2026-03-11 23:42:48.426,2026-03-11 23:42:48.426,METRO_V1
812,METRO_V1_SHINJUKU-GYOEMMAE,METRO_V1_SHINJUKU-SANCHOME,1,2026-03-11 23:42:48.426,2026-03-11 23:42:48.426,METRO_V1
813,METRO_V1_SHINJUKU-GYOEMMAE,METRO_V1_YOTSUYA-SANCHOME,1,2026-03-11 23:42:48.426,2026-03-11 23:42:48.426,METRO_V1
814,METRO_V1_YOTSUYA-SANCHOME,METRO_V1_SHINJUKU-GYOEMMAE,1,2026-03-11 23:42:48.426,2026-03-11 23:42:48.426,METRO_V1
815,METRO_V1_YOTSUYA-SANCHOME,METRO_V1_YOTSUYA,1,2026-03-11 23:42:48.426,2026-03-11 23:42:48.426,METRO_V1
816,METRO_V1_YOTSUYA,METRO_V1_YOTSUYA-SANCHOME,2,2026-03-11 23:42:48.426,2026-03-11 23:42:48.426,METRO_V1
817,METRO_V1_YOTSUYA,METRO_V1_AKASAKA-MITSUKE,2,2026-03-11 23:42:48.426,2026-03-11 23:42:48.426,METRO_V1
818,METRO_V1_AKASAKA-MITSUKE,METRO_V1_YOTSUYA,2,2026-03-11 23:42:48.426,2026-03-11 23:42:48.426,METRO_V1
819,METRO_V1_AKASAKA-MITSUKE,METRO_V1_KOKKAI-GIJIDOMAE,1,2026-03-11 23:42:48.426,2026-03-11 23:42:48.426,METRO_V1
820,METRO_V1_KOKKAI-GIJIDOMAE,METRO_V1_AKASAKA-MITSUKE,2,2026-03-11 23:42:48.426,2026-03-11 23:42:48.426,METRO_V1
821,METRO_V1_KOKKAI-GIJIDOMAE,METRO_V1_KASUMIGASEKI,1,2026-03-11 23:42:48.426,2026-03-11 23:42:48.426,METRO_V1
822,METRO_V1_KASUMIGASEKI,METRO_V1_KOKKAI-GIJIDOMAE,1,2026-03-11 23:42:48.426,2026-03-11 23:42:48.426,METRO_V1
823,METRO_V1_KASUMIGASEKI,METRO_V1_GINZA,1,2026-03-11 23:42:48.426,2026-03-11 23:42:48.426,METRO_V1
824,METRO_V1_GINZA,METRO_V1_KASUMIGASEKI,1,2026-03-11 23:42:48.426,2026-03-11 23:42:48.426,METRO_V1
825,METRO_V1_GINZA,METRO_V1_TOKYO,2,2026-03-11 23:42:48.426,2026-03-11 23:42:48.426,METRO_V1
826,METRO_V1_TOKYO,METRO_V1_GINZA,2,2026-03-11 23:42:48.426,2026-03-11 23:42:48.426,METRO_V1
827,METRO_V1_TOKYO,METRO_V1_OTEMACHI,1,2026-03-11 23:42:48.426,2026-03-11 23:42:48.426,METRO_V1
828,METRO_V1_OTEMACHI,METRO_V1_TOKYO,1,2026-03-11 23:42:48.426,2026-03-11 23:42:48.426,METRO_V1
829,METRO_V1_OTEMACHI,METRO_V1_AWAJICHO,1,2026-03-11 23:42:48.426,2026-03-11 23:42:48.426,METRO_V1
830,METRO_V1_AWAJICHO,METRO_V1_OTEMACHI,1,2026-03-11 23:42:48.426,2026-03-11 23:42:48.426,METRO_V1
831,METRO_V1_AWAJICHO,METRO_V1_OCHANOMIZU,1,2026-03-11 23:42:48.426,2026-03-11 23:42:48.426,METRO_V1
832,METRO_V1_OCHANOMIZU,METRO_V1_AWAJICHO,1,2026-03-11 23:42:48.426,2026-03-11 23:42:48.426,METRO_V1
833,METRO_V1_OCHANOMIZU,METRO_V1_HONGO-SANCHOME,1,2026-03-11 23:42:48.426,2026-03-11 23:42:48.426,METRO_V1
834,METRO_V1_HONGO-SANCHOME,METRO_V1_OCHANOMIZU,1,2026-03-11 23:42:48.426,2026-03-11 23:42:48.426,METRO_V1
835,METRO_V1_HONGO-SANCHOME,METRO_V1_KORAKUEN,1,2026-03-11 23:42:48.426,2026-03-11 23:42:48.426,METRO_V1
836,METRO_V1_KORAKUEN,METRO_V1_HONGO-SANCHOME,2,2026-03-11 23:42:48.426,2026-03-11 23:42:48.426,METRO_V1
837,METRO_V1_KORAKUEN,METRO_V1_MYOGADANI,3,2026-03-11 23:42:48.426,2026-03-11 23:42:48.426,METRO_V1
838,METRO_V1_MYOGADANI,METRO_V1_KORAKUEN,3,2026-03-11 23:42:48.426,2026-03-11 23:42:48.426,METRO_V1
839,METRO_V1_MYOGADANI,METRO_V1_SHIN-OTSUKA,2,2026-03-11 23:42:48.426,2026-03-11 23:42:48.426,METRO_V1
840,METRO_V1_SHIN-OTSUKA,METRO_V1_MYOGADANI,2,2026-03-11 23:42:48.426,2026-03-11 23:42:48.426,METRO_V1
841,METRO_V1_SHIN-OTSUKA,METRO_V1_IKEBUKURO,3,2026-03-11 23:42:48.426,2026-03-11 23:42:48.426,METRO_V1
842,METRO_V1_IKEBUKURO,METRO_V1_SHIN-OTSUKA,3,2026-03-11 23:42:48.426,2026-03-11 23:42:48.426,METRO_V1
843,METRO_V1_NAKA-MEGURO,METRO_V1_EBISU,3,2026-03-11 23:42:48.426,2026-03-11 23:42:48.426,METRO_V1
844,METRO_V1_EBISU,METRO_V1_NAKA-MEGURO,2,2026-03-11 23:42:48.426,2026-03-11 23:42:48.426,METRO_V1
845,METRO_V1_EBISU,METRO_V1_HIRO-O,2,2026-03-11 23:42:48.426,2026-03-11 23:42:48.426,METRO_V1
846,METRO_V1_HIRO-O,METRO_V1_EBISU,3,2026-03-11 23:42:48.426,2026-03-11 23:42:48.426,METRO_V1
847,METRO_V1_HIRO-O,METRO_V1_ROPPONGI,2,2026-03-11 23:42:48.426,2026-03-11 23:42:48.426,METRO_V1
848,METRO_V1_ROPPONGI,METRO_V1_HIRO-O,3,2026-03-11 23:42:48.426,2026-03-11 23:42:48.426,METRO_V1
849,METRO_V1_ROPPONGI,METRO_V1_KAMIYACHO,3,2026-03-11 23:42:48.426,2026-03-11 23:42:48.426,METRO_V1
850,METRO_V1_KAMIYACHO,METRO_V1_ROPPONGI,3,2026-03-11 23:42:48.426,2026-03-11 23:42:48.426,METRO_V1
851,METRO_V1_KAMIYACHO,METRO_V1_TORANOMON-HILLS,1,2026-03-11 23:42:48.426,2026-03-11 23:42:48.426,METRO_V1
852,METRO_V1_TORANOMON-HILLS,METRO_V1_KAMIYACHO,1,2026-03-11 23:42:48.426,2026-03-11 23:42:48.426,METRO_V1
853,METRO_V1_TORANOMON-HILLS,METRO_V1_KASUMIGASEKI,2,2026-03-11 23:42:48.426,2026-03-11 23:42:48.426,METRO_V1
854,METRO_V1_KASUMIGASEKI,METRO_V1_TORANOMON-HILLS,1,2026-03-11 23:42:48.426,2026-03-11 23:42:48.426,METRO_V1
855,METRO_V1_KASUMIGASEKI,METRO_V1_HIBIYA,2,2026-03-11 23:42:48.426,2026-03-11 23:42:48.426,METRO_V1
856,METRO_V1_HIBIYA,METRO_V1_KASUMIGASEKI,3,2026-03-11 23:42:48.426,2026-03-11 23:42:48.426,METRO_V1
857,METRO_V1_HIBIYA,METRO_V1_GINZA,1,2026-03-11 23:42:48.426,2026-03-11 23:42:48.426,METRO_V1
858,METRO_V1_GINZA,METRO_V1_HIBIYA,1,2026-03-11 23:42:48.426,2026-03-11 23:42:48.426,METRO_V1
859,METRO_V1_GINZA,METRO_V1_HIGASHI-GINZA,2,2026-03-11 23:42:48.426,2026-03-11 23:42:48.426,METRO_V1
860,METRO_V1_HIGASHI-GINZA,METRO_V1_GINZA,2,2026-03-11 23:42:48.426,2026-03-11 23:42:48.426,METRO_V1
861,METRO_V1_HIGASHI-GINZA,METRO_V1_TSUKIJI,2,2026-03-11 23:42:48.426,2026-03-11 23:42:48.426,METRO_V1
862,METRO_V1_TSUKIJI,METRO_V1_HIGASHI-GINZA,2,2026-03-11 23:42:48.426,2026-03-11 23:42:48.426,METRO_V1
863,METRO_V1_TSUKIJI,METRO_V1_HATCHOBORI,2,2026-03-11 23:42:48.426,2026-03-11 23:42:48.426,METRO_V1
864,METRO_V1_HATCHOBORI,METRO_V1_TSUKIJI,2,2026-03-11 23:42:48.426,2026-03-11 23:42:48.426,METRO_V1
865,METRO_V1_HATCHOBORI,METRO_V1_KAYABACHO,1,2026-03-11 23:42:48.426,2026-03-11 23:42:48.426,METRO_V1
866,METRO_V1_KAYABACHO,METRO_V1_HATCHOBORI,1,2026-03-11 23:42:48.426,2026-03-11 23:42:48.426,METRO_V1
867,METRO_V1_KAYABACHO,METRO_V1_NINGYOCHO,2,2026-03-11 23:42:48.426,2026-03-11 23:42:48.426,METRO_V1
868,METRO_V1_NINGYOCHO,METRO_V1_KAYABACHO,2,2026-03-11 23:42:48.426,2026-03-11 23:42:48.426,METRO_V1
869,METRO_V1_NINGYOCHO,METRO_V1_KODEMMACHO,1,2026-03-11 23:42:48.426,2026-03-11 23:42:48.426,METRO_V1
870,METRO_V1_KODEMMACHO,METRO_V1_NINGYOCHO,1,2026-03-11 23:42:48.426,2026-03-11 23:42:48.426,METRO_V1
871,METRO_V1_KODEMMACHO,METRO_V1_AKIHABARA,1,2026-03-11 23:42:48.426,2026-03-11 23:42:48.426,METRO_V1
872,METRO_V1_AKIHABARA,METRO_V1_KODEMMACHO,1,2026-03-11 23:42:48.426,2026-03-11 23:42:48.426,METRO_V1
873,METRO_V1_AKIHABARA,METRO_V1_NAKA-OKACHIMACHI,1,2026-03-11 23:42:48.426,2026-03-11 23:42:48.426,METRO_V1
874,METRO_V1_NAKA-OKACHIMACHI,METRO_V1_AKIHABARA,1,2026-03-11 23:42:48.426,2026-03-11 23:42:48.426,METRO_V1
875,METRO_V1_NAKA-OKACHIMACHI,METRO_V1_UENO,1,2026-03-11 23:42:48.426,2026-03-11 23:42:48.426,METRO_V1
876,METRO_V1_UENO,METRO_V1_NAKA-OKACHIMACHI,1,2026-03-11 23:42:48.426,2026-03-11 23:42:48.426,METRO_V1
877,METRO_V1_UENO,METRO_V1_IRIYA,2,2026-03-11 23:42:48.426,2026-03-11 23:42:48.426,METRO_V1
878,METRO_V1_IRIYA,METRO_V1_UENO,2,2026-03-11 23:42:48.426,2026-03-11 23:42:48.426,METRO_V1
879,METRO_V1_IRIYA,METRO_V1_MINOWA,2,2026-03-11 23:42:48.426,2026-03-11 23:42:48.426,METRO_V1
880,METRO_V1_MINOWA,METRO_V1_IRIYA,2,2026-03-11 23:42:48.426,2026-03-11 23:42:48.426,METRO_V1
881,METRO_V1_MINOWA,METRO_V1_MINAMI-SENJU,2,2026-03-11 23:42:48.426,2026-03-11 23:42:48.426,METRO_V1
882,METRO_V1_MINAMI-SENJU,METRO_V1_MINOWA,2,2026-03-11 23:42:48.426,2026-03-11 23:42:48.426,METRO_V1
883,METRO_V1_MINAMI-SENJU,METRO_V1_KITA-SENJU,3,2026-03-11 23:42:48.426,2026-03-11 23:42:48.426,METRO_V1
884,METRO_V1_KITA-SENJU,METRO_V1_MINAMI-SENJU,3,2026-03-11 23:42:48.426,2026-03-11 23:42:48.426,METRO_V1
885,METRO_V1_NAKANO,METRO_V1_OCHIAI,3,2026-03-11 23:42:48.426,2026-03-11 23:42:48.426,METRO_V1
886,METRO_V1_OCHIAI,METRO_V1_NAKANO,3,2026-03-11 23:42:48.426,2026-03-11 23:42:48.426,METRO_V1
887,METRO_V1_OCHIAI,METRO_V1_TAKADANOBABA,3,2026-03-11 23:42:48.426,2026-03-11 23:42:48.426,METRO_V1
888,METRO_V1_TAKADANOBABA,METRO_V1_OCHIAI,3,2026-03-11 23:42:48.426,2026-03-11 23:42:48.426,METRO_V1
889,METRO_V1_TAKADANOBABA,METRO_V1_WASEDA,2,2026-03-11 23:42:48.426,2026-03-11 23:42:48.426,METRO_V1
890,METRO_V1_WASEDA,METRO_V1_TAKADANOBABA,3,2026-03-11 23:42:48.426,2026-03-11 23:42:48.426,METRO_V1
891,METRO_V1_WASEDA,METRO_V1_KAGURAZAKA,2,2026-03-11 23:42:48.426,2026-03-11 23:42:48.426,METRO_V1
892,METRO_V1_KAGURAZAKA,METRO_V1_WASEDA,2,2026-03-11 23:42:48.426,2026-03-11 23:42:48.426,METRO_V1
893,METRO_V1_KAGURAZAKA,METRO_V1_IIDABASHI,2,2026-03-11 23:42:48.426,2026-03-11 23:42:48.426,METRO_V1
894,METRO_V1_IIDABASHI,METRO_V1_KAGURAZAKA,2,2026-03-11 23:42:48.426,2026-03-11 23:42:48.426,METRO_V1
895,METRO_V1_IIDABASHI,METRO_V1_KUDANSHITA,1,2026-03-11 23:42:48.426,2026-03-11 23:42:48.426,METRO_V1
896,METRO_V1_KUDANSHITA,METRO_V1_IIDABASHI,2,2026-03-11 23:42:48.426,2026-03-11 23:42:48.426,METRO_V1
897,METRO_V1_KUDANSHITA,METRO_V1_TAKEBASHI,2,2026-03-11 23:42:48.426,2026-03-11 23:42:48.426,METRO_V1
898,METRO_V1_TAKEBASHI,METRO_V1_KUDANSHITA,2,2026-03-11 23:42:48.426,2026-03-11 23:42:48.426,METRO_V1
899,METRO_V1_TAKEBASHI,METRO_V1_OTEMACHI,2,2026-03-11 23:42:48.426,2026-03-11 23:42:48.426,METRO_V1
900,METRO_V1_OTEMACHI,METRO_V1_TAKEBASHI,2,2026-03-11 23:42:48.426,2026-03-11 23:42:48.426,METRO_V1
901,METRO_V1_OTEMACHI,METRO_V1_NIHOMBASHI,1,2026-03-11 23:42:48.426,2026-03-11 23:42:48.426,METRO_V1
902,METRO_V1_NIHOMBASHI,METRO_V1_OTEMACHI,1,2026-03-11 23:42:48.426,2026-03-11 23:42:48.426,METRO_V1
903,METRO_V1_NIHOMBASHI,METRO_V1_KAYABACHO,1,2026-03-11 23:42:48.426,2026-03-11 23:42:48.426,METRO_V1
904,METRO_V1_KAYABACHO,METRO_V1_NIHOMBASHI,1,2026-03-11 23:42:48.426,2026-03-11 23:42:48.426,METRO_V1
905,METRO_V1_KAYABACHO,METRO_V1_MONZEN-NAKACHO,3,2026-03-11 23:42:48.426,2026-03-11 23:42:48.426,METRO_V1
906,METRO_V1_MONZEN-NAKACHO,METRO_V1_KAYABACHO,3,2026-03-11 23:42:48.426,2026-03-11 23:42:48.426,METRO_V1
907,METRO_V1_MONZEN-NAKACHO,METRO_V1_KIBA,2,2026-03-11 23:42:48.426,2026-03-11 23:42:48.426,METRO_V1
908,METRO_V1_KIBA,METRO_V1_MONZEN-NAKACHO,1,2026-03-11 23:42:48.426,2026-03-11 23:42:48.426,METRO_V1
909,METRO_V1_KIBA,METRO_V1_TOYOCHO,1,2026-03-11 23:42:48.426,2026-03-11 23:42:48.426,METRO_V1
910,METRO_V1_TOYOCHO,METRO_V1_KIBA,1,2026-03-11 23:42:48.426,2026-03-11 23:42:48.426,METRO_V1
911,METRO_V1_TOYOCHO,METRO_V1_MINAMI-SUNAMACHI,2,2026-03-11 23:42:48.426,2026-03-11 23:42:48.426,METRO_V1
912,METRO_V1_MINAMI-SUNAMACHI,METRO_V1_TOYOCHO,2,2026-03-11 23:42:48.426,2026-03-11 23:42:48.426,METRO_V1
913,METRO_V1_MINAMI-SUNAMACHI,METRO_V1_NISHI-KASAI,3,2026-03-11 23:42:48.426,2026-03-11 23:42:48.426,METRO_V1
914,METRO_V1_NISHI-KASAI,METRO_V1_MINAMI-SUNAMACHI,3,2026-03-11 23:42:48.426,2026-03-11 23:42:48.426,METRO_V1
915,METRO_V1_NISHI-KASAI,METRO_V1_KASAI,2,2026-03-11 23:42:48.426,2026-03-11 23:42:48.426,METRO_V1
916,METRO_V1_KASAI,METRO_V1_NISHI-KASAI,2,2026-03-11 23:42:48.426,2026-03-11 23:42:48.426,METRO_V1
917,METRO_V1_KASAI,METRO_V1_URAYASU,2,2026-03-11 23:42:48.426,2026-03-11 23:42:48.426,METRO_V1
918,METRO_V1_URAYASU,METRO_V1_KASAI,2,2026-03-11 23:42:48.426,2026-03-11 23:42:48.426,METRO_V1
919,METRO_V1_URAYASU,METRO_V1_MINAMI-GYOTOKU,2,2026-03-11 23:42:48.426,2026-03-11 23:42:48.426,METRO_V1
920,METRO_V1_MINAMI-GYOTOKU,METRO_V1_URAYASU,2,2026-03-11 23:42:48.426,2026-03-11 23:42:48.426,METRO_V1
921,METRO_V1_MINAMI-GYOTOKU,METRO_V1_GYOTOKU,2,2026-03-11 23:42:48.426,2026-03-11 23:42:48.426,METRO_V1
922,METRO_V1_GYOTOKU,METRO_V1_MINAMI-GYOTOKU,2,2026-03-11 23:42:48.426,2026-03-11 23:42:48.426,METRO_V1
923,METRO_V1_GYOTOKU,METRO_V1_MYODEN,2,2026-03-11 23:42:48.426,2026-03-11 23:42:48.426,METRO_V1
924,METRO_V1_MYODEN,METRO_V1_GYOTOKU,2,2026-03-11 23:42:48.426,2026-03-11 23:42:48.426,METRO_V1
925,METRO_V1_MYODEN,METRO_V1_BARAKI-NAKAYAMA,3,2026-03-11 23:42:48.426,2026-03-11 23:42:48.426,METRO_V1
926,METRO_V1_BARAKI-NAKAYAMA,METRO_V1_MYODEN,2,2026-03-11 23:42:48.426,2026-03-11 23:42:48.426,METRO_V1
927,METRO_V1_BARAKI-NAKAYAMA,METRO_V1_NISHI-FUNABASHI,3,2026-03-11 23:42:48.426,2026-03-11 23:42:48.426,METRO_V1
928,METRO_V1_NISHI-FUNABASHI,METRO_V1_BARAKI-NAKAYAMA,3,2026-03-11 23:42:48.426,2026-03-11 23:42:48.426,METRO_V1
929,METRO_V1_YOYOGI-UEHARA,METRO_V1_YOYOGI-KOEN,2,2026-03-11 23:42:48.426,2026-03-11 23:42:48.426,METRO_V1
930,METRO_V1_YOYOGI-KOEN,METRO_V1_YOYOGI-UEHARA,1,2026-03-11 23:42:48.426,2026-03-11 23:42:48.426,METRO_V1
931,METRO_V1_YOYOGI-KOEN,METRO_V1_MEIJI-JINGUMAE,2,2026-03-11 23:42:48.426,2026-03-11 23:42:48.426,METRO_V1
932,METRO_V1_MEIJI-JINGUMAE,METRO_V1_YOYOGI-KOEN,1,2026-03-11 23:42:48.426,2026-03-11 23:42:48.426,METRO_V1
933,METRO_V1_MEIJI-JINGUMAE,METRO_V1_OMOTE-SANDO,1,2026-03-11 23:42:48.426,2026-03-11 23:42:48.426,METRO_V1
934,METRO_V1_OMOTE-SANDO,METRO_V1_MEIJI-JINGUMAE,1,2026-03-11 23:42:48.426,2026-03-11 23:42:48.426,METRO_V1
935,METRO_V1_OMOTE-SANDO,METRO_V1_NOGIZAKA,2,2026-03-11 23:42:48.426,2026-03-11 23:42:48.426,METRO_V1
936,METRO_V1_NOGIZAKA,METRO_V1_OMOTE-SANDO,2,2026-03-11 23:42:48.426,2026-03-11 23:42:48.426,METRO_V1
937,METRO_V1_NOGIZAKA,METRO_V1_AKASAKA,2,2026-03-11 23:42:48.426,2026-03-11 23:42:48.426,METRO_V1
938,METRO_V1_AKASAKA,METRO_V1_NOGIZAKA,2,2026-03-11 23:42:48.426,2026-03-11 23:42:48.426,METRO_V1
939,METRO_V1_AKASAKA,METRO_V1_KOKKAI-GIJIDOMAE,1,2026-03-11 23:42:48.426,2026-03-11 23:42:48.426,METRO_V1
940,METRO_V1_KOKKAI-GIJIDOMAE,METRO_V1_AKASAKA,2,2026-03-11 23:42:48.426,2026-03-11 23:42:48.426,METRO_V1
941,METRO_V1_HIBIYA,METRO_V1_NIJUBASHIMAE,1,2026-03-11 23:42:48.426,2026-03-11 23:42:48.426,METRO_V1
942,METRO_V1_NIJUBASHIMAE,METRO_V1_HIBIYA,2,2026-03-11 23:42:48.426,2026-03-11 23:42:48.426,METRO_V1
943,METRO_V1_NIJUBASHIMAE,METRO_V1_OTEMACHI,1,2026-03-11 23:42:48.426,2026-03-11 23:42:48.426,METRO_V1
944,METRO_V1_OTEMACHI,METRO_V1_NIJUBASHIMAE,1,2026-03-11 23:42:48.426,2026-03-11 23:42:48.426,METRO_V1
945,METRO_V1_OTEMACHI,METRO_V1_SHIN-OCHANOMIZU,2,2026-03-11 23:42:48.426,2026-03-11 23:42:48.426,METRO_V1
946,METRO_V1_SHIN-OCHANOMIZU,METRO_V1_OTEMACHI,1,2026-03-11 23:42:48.426,2026-03-11 23:42:48.426,METRO_V1
947,METRO_V1_SHIN-OCHANOMIZU,METRO_V1_YUSHIMA,1,2026-03-11 23:42:48.426,2026-03-11 23:42:48.426,METRO_V1
948,METRO_V1_YUSHIMA,METRO_V1_SHIN-OCHANOMIZU,2,2026-03-11 23:42:48.426,2026-03-11 23:42:48.426,METRO_V1
949,METRO_V1_YUSHIMA,METRO_V1_NEZU,2,2026-03-11 23:42:48.426,2026-03-11 23:42:48.426,METRO_V1
950,METRO_V1_NEZU,METRO_V1_YUSHIMA,1,2026-03-11 23:42:48.426,2026-03-11 23:42:48.426,METRO_V1
951,METRO_V1_NEZU,METRO_V1_SENDAGI,2,2026-03-11 23:42:48.426,2026-03-11 23:42:48.426,METRO_V1
952,METRO_V1_SENDAGI,METRO_V1_NEZU,2,2026-03-11 23:42:48.426,2026-03-11 23:42:48.426,METRO_V1
953,METRO_V1_SENDAGI,METRO_V1_NISHI-NIPPORI,1,2026-03-11 23:42:48.426,2026-03-11 23:42:48.426,METRO_V1
954,METRO_V1_NISHI-NIPPORI,METRO_V1_SENDAGI,1,2026-03-11 23:42:48.426,2026-03-11 23:42:48.426,METRO_V1
955,METRO_V1_NISHI-NIPPORI,METRO_V1_MACHIYA,3,2026-03-11 23:42:48.426,2026-03-11 23:42:48.426,METRO_V1
956,METRO_V1_MACHIYA,METRO_V1_NISHI-NIPPORI,2,2026-03-11 23:42:48.426,2026-03-11 23:42:48.426,METRO_V1
957,METRO_V1_MACHIYA,METRO_V1_KITA-SENJU,3,2026-03-11 23:42:48.426,2026-03-11 23:42:48.426,METRO_V1
958,METRO_V1_KITA-SENJU,METRO_V1_MACHIYA,2,2026-03-11 23:42:48.426,2026-03-11 23:42:48.426,METRO_V1
959,METRO_V1_KITA-SENJU,METRO_V1_AYASE,3,2026-03-11 23:42:48.426,2026-03-11 23:42:48.426,METRO_V1
960,METRO_V1_AYASE,METRO_V1_KITA-SENJU,3,2026-03-11 23:42:48.426,2026-03-11 23:42:48.426,METRO_V1
961,METRO_V1_AYASE,METRO_V1_KITA-AYASE,4,2026-03-11 23:42:48.426,2026-03-11 23:42:48.426,METRO_V1
962,METRO_V1_KITA-AYASE,METRO_V1_AYASE,4,2026-03-11 23:42:48.426,2026-03-11 23:42:48.426,METRO_V1
963,METRO_V1_WAKOSHI,METRO_V1_CHIKATETSU-NARIMASU,3,2026-03-11 23:42:48.426,2026-03-11 23:42:48.426,METRO_V1
964,METRO_V1_CHIKATETSU-NARIMASU,METRO_V1_WAKOSHI,3,2026-03-11 23:42:48.426,2026-03-11 23:42:48.426,METRO_V1
965,METRO_V1_CHIKATETSU-NARIMASU,METRO_V1_CHIKATETSU-AKATSUKA,2,2026-03-11 23:42:48.426,2026-03-11 23:42:48.426,METRO_V1
966,METRO_V1_CHIKATETSU-AKATSUKA,METRO_V1_CHIKATETSU-NARIMASU,2,2026-03-11 23:42:48.426,2026-03-11 23:42:48.426,METRO_V1
967,METRO_V1_CHIKATETSU-AKATSUKA,METRO_V1_HEIWADAI,3,2026-03-11 23:42:48.426,2026-03-11 23:42:48.426,METRO_V1
968,METRO_V1_HEIWADAI,METRO_V1_CHIKATETSU-AKATSUKA,3,2026-03-11 23:42:48.426,2026-03-11 23:42:48.426,METRO_V1
969,METRO_V1_HEIWADAI,METRO_V1_HIKAWADAI,2,2026-03-11 23:42:48.426,2026-03-11 23:42:48.426,METRO_V1
970,METRO_V1_HIKAWADAI,METRO_V1_HEIWADAI,2,2026-03-11 23:42:48.426,2026-03-11 23:42:48.426,METRO_V1
971,METRO_V1_HIKAWADAI,METRO_V1_KOTAKE-MUKAIHARA,2,2026-03-11 23:42:48.426,2026-03-11 23:42:48.426,METRO_V1
972,METRO_V1_KOTAKE-MUKAIHARA,METRO_V1_HIKAWADAI,2,2026-03-11 23:42:48.426,2026-03-11 23:42:48.426,METRO_V1
973,METRO_V1_KOTAKE-MUKAIHARA,METRO_V1_SENKAWA,2,2026-03-11 23:42:48.426,2026-03-11 23:42:48.426,METRO_V1
974,METRO_V1_SENKAWA,METRO_V1_KOTAKE-MUKAIHARA,2,2026-03-11 23:42:48.426,2026-03-11 23:42:48.426,METRO_V1
975,METRO_V1_SENKAWA,METRO_V1_KANAMECHO,2,2026-03-11 23:42:48.426,2026-03-11 23:42:48.426,METRO_V1
976,METRO_V1_KANAMECHO,METRO_V1_SENKAWA,2,2026-03-11 23:42:48.426,2026-03-11 23:42:48.426,METRO_V1
977,METRO_V1_KANAMECHO,METRO_V1_IKEBUKURO,2,2026-03-11 23:42:48.426,2026-03-11 23:42:48.426,METRO_V1
978,METRO_V1_IKEBUKURO,METRO_V1_KANAMECHO,2,2026-03-11 23:42:48.426,2026-03-11 23:42:48.426,METRO_V1
979,METRO_V1_IKEBUKURO,METRO_V1_HIGASHI-IKEBUKURO,2,2026-03-11 23:42:48.426,2026-03-11 23:42:48.426,METRO_V1
980,METRO_V1_HIGASHI-IKEBUKURO,METRO_V1_IKEBUKURO,2,2026-03-11 23:42:48.426,2026-03-11 23:42:48.426,METRO_V1
981,METRO_V1_HIGASHI-IKEBUKURO,METRO_V1_GOKOKUJI,2,2026-03-11 23:42:48.426,2026-03-11 23:42:48.426,METRO_V1
982,METRO_V1_GOKOKUJI,METRO_V1_HIGASHI-IKEBUKURO,2,2026-03-11 23:42:48.426,2026-03-11 23:42:48.426,METRO_V1
983,METRO_V1_GOKOKUJI,METRO_V1_EDOGAWABASHI,2,2026-03-11 23:42:48.426,2026-03-11 23:42:48.426,METRO_V1
984,METRO_V1_EDOGAWABASHI,METRO_V1_GOKOKUJI,2,2026-03-11 23:42:48.426,2026-03-11 23:42:48.426,METRO_V1
985,METRO_V1_EDOGAWABASHI,METRO_V1_IIDABASHI,3,2026-03-11 23:42:48.426,2026-03-11 23:42:48.426,METRO_V1
986,METRO_V1_IIDABASHI,METRO_V1_EDOGAWABASHI,3,2026-03-11 23:42:48.426,2026-03-11 23:42:48.426,METRO_V1
987,METRO_V1_IIDABASHI,METRO_V1_ICHIGAYA,1,2026-03-11 23:42:48.426,2026-03-11 23:42:48.426,METRO_V1
988,METRO_V1_ICHIGAYA,METRO_V1_IIDABASHI,1,2026-03-11 23:42:48.426,2026-03-11 23:42:48.426,METRO_V1
989,METRO_V1_ICHIGAYA,METRO_V1_KOJIMACHI,2,2026-03-11 23:42:48.426,2026-03-11 23:42:48.426,METRO_V1
990,METRO_V1_KOJIMACHI,METRO_V1_ICHIGAYA,2,2026-03-11 23:42:48.426,2026-03-11 23:42:48.426,METRO_V1
991,METRO_V1_KOJIMACHI,METRO_V1_NAGATACHO,2,2026-03-11 23:42:48.426,2026-03-11 23:42:48.426,METRO_V1
992,METRO_V1_NAGATACHO,METRO_V1_KOJIMACHI,1,2026-03-11 23:42:48.426,2026-03-11 23:42:48.426,METRO_V1
993,METRO_V1_NAGATACHO,METRO_V1_SAKURADAMON,2,2026-03-11 23:42:48.426,2026-03-11 23:42:48.426,METRO_V1
994,METRO_V1_SAKURADAMON,METRO_V1_NAGATACHO,2,2026-03-11 23:42:48.426,2026-03-11 23:42:48.426,METRO_V1
995,METRO_V1_SAKURADAMON,METRO_V1_YURAKUCHO,2,2026-03-11 23:42:48.426,2026-03-11 23:42:48.426,METRO_V1
996,METRO_V1_YURAKUCHO,METRO_V1_SAKURADAMON,2,2026-03-11 23:42:48.426,2026-03-11 23:42:48.426,METRO_V1
997,METRO_V1_YURAKUCHO,METRO_V1_GINZA-ITCHOME,1,2026-03-11 23:42:48.426,2026-03-11 23:42:48.426,METRO_V1
998,METRO_V1_GINZA-ITCHOME,METRO_V1_YURAKUCHO,2,2026-03-11 23:42:48.426,2026-03-11 23:42:48.426,METRO_V1
999,METRO_V1_GINZA-ITCHOME,METRO_V1_SHINTOMICHO,1,2026-03-11 23:42:48.426,2026-03-11 23:42:48.426,METRO_V1
1000,METRO_V1_SHINTOMICHO,METRO_V1_GINZA-ITCHOME,2,2026-03-11 23:42:48.426,2026-03-11 23:42:48.426,METRO_V1
1001,METRO_V1_SHINTOMICHO,METRO_V1_TSUKISHIMA,2,2026-03-11 23:42:48.426,2026-03-11 23:42:48.426,METRO_V1
1002,METRO_V1_TSUKISHIMA,METRO_V1_SHINTOMICHO,2,2026-03-11 23:42:48.426,2026-03-11 23:42:48.426,METRO_V1
1003,METRO_V1_TSUKISHIMA,METRO_V1_TOYOSU,2,2026-03-11 23:42:48.426,2026-03-11 23:42:48.426,METRO_V1
1004,METRO_V1_TOYOSU,METRO_V1_TSUKISHIMA,2,2026-03-11 23:42:48.426,2026-03-11 23:42:48.426,METRO_V1
1005,METRO_V1_TOYOSU,METRO_V1_TATSUMI,2,2026-03-11 23:42:48.426,2026-03-11 23:42:48.426,METRO_V1
1006,METRO_V1_TATSUMI,METRO_V1_TOYOSU,2,2026-03-11 23:42:48.426,2026-03-11 23:42:48.426,METRO_V1
1007,METRO_V1_TATSUMI,METRO_V1_SHIN-KIBA,3,2026-03-11 23:42:48.426,2026-03-11 23:42:48.426,METRO_V1
1008,METRO_V1_SHIN-KIBA,METRO_V1_TATSUMI,2,2026-03-11 23:42:48.426,2026-03-11 23:42:48.426,METRO_V1
1009,METRO_V1_OMOTE-SANDO,METRO_V1_AOYAMA-ITCHOME,2,2026-03-11 23:42:48.426,2026-03-11 23:42:48.426,METRO_V1
1010,METRO_V1_AOYAMA-ITCHOME,METRO_V1_OMOTE-SANDO,2,2026-03-11 23:42:48.426,2026-03-11 23:42:48.426,METRO_V1
1011,METRO_V1_AOYAMA-ITCHOME,METRO_V1_NAGATACHO,2,2026-03-11 23:42:48.426,2026-03-11 23:42:48.426,METRO_V1
1012,METRO_V1_NAGATACHO,METRO_V1_AOYAMA-ITCHOME,2,2026-03-11 23:42:48.426,2026-03-11 23:42:48.426,METRO_V1
1013,METRO_V1_NAGATACHO,METRO_V1_HANZOMON,2,2026-03-11 23:42:48.426,2026-03-11 23:42:48.426,METRO_V1
1014,METRO_V1_HANZOMON,METRO_V1_NAGATACHO,2,2026-03-11 23:42:48.426,2026-03-11 23:42:48.426,METRO_V1
1015,METRO_V1_HANZOMON,METRO_V1_KUDANSHITA,3,2026-03-11 23:42:48.426,2026-03-11 23:42:48.426,METRO_V1
1016,METRO_V1_KUDANSHITA,METRO_V1_HANZOMON,3,2026-03-11 23:42:48.426,2026-03-11 23:42:48.426,METRO_V1
1017,METRO_V1_KUDANSHITA,METRO_V1_JIMBOCHO,1,2026-03-11 23:42:48.426,2026-03-11 23:42:48.426,METRO_V1
1018,METRO_V1_JIMBOCHO,METRO_V1_KUDANSHITA,1,2026-03-11 23:42:48.426,2026-03-11 23:42:48.426,METRO_V1
1019,METRO_V1_JIMBOCHO,METRO_V1_OTEMACHI,3,2026-03-11 23:42:48.426,2026-03-11 23:42:48.426,METRO_V1
1020,METRO_V1_OTEMACHI,METRO_V1_JIMBOCHO,3,2026-03-11 23:42:48.426,2026-03-11 23:42:48.426,METRO_V1
1021,METRO_V1_OTEMACHI,METRO_V1_MITSUKOSHIMAE,2,2026-03-11 23:42:48.426,2026-03-11 23:42:48.426,METRO_V1
1022,METRO_V1_MITSUKOSHIMAE,METRO_V1_OTEMACHI,2,2026-03-11 23:42:48.426,2026-03-11 23:42:48.426,METRO_V1
1023,METRO_V1_MITSUKOSHIMAE,METRO_V1_SUITENGUMAE,3,2026-03-11 23:42:48.426,2026-03-11 23:42:48.426,METRO_V1
1024,METRO_V1_SUITENGUMAE,METRO_V1_MITSUKOSHIMAE,2,2026-03-11 23:42:48.426,2026-03-11 23:42:48.426,METRO_V1
1025,METRO_V1_SUITENGUMAE,METRO_V1_KIYOSUMI-SHIRAKAWA,3,2026-03-11 23:42:48.426,2026-03-11 23:42:48.426,METRO_V1
1026,METRO_V1_KIYOSUMI-SHIRAKAWA,METRO_V1_SUITENGUMAE,3,2026-03-11 23:42:48.426,2026-03-11 23:42:48.426,METRO_V1
1027,METRO_V1_KIYOSUMI-SHIRAKAWA,METRO_V1_SUMIYOSHI,3,2026-03-11 23:42:48.426,2026-03-11 23:42:48.426,METRO_V1
1028,METRO_V1_SUMIYOSHI,METRO_V1_KIYOSUMI-SHIRAKAWA,3,2026-03-11 23:42:48.426,2026-03-11 23:42:48.426,METRO_V1
1029,METRO_V1_SUMIYOSHI,METRO_V1_KINSHICHO,2,2026-03-11 23:42:48.426,2026-03-11 23:42:48.426,METRO_V1
1030,METRO_V1_KINSHICHO,METRO_V1_SUMIYOSHI,1,2026-03-11 23:42:48.426,2026-03-11 23:42:48.426,METRO_V1
1031,METRO_V1_KINSHICHO,METRO_V1_OSHIAGE,2,2026-03-11 23:42:48.426,2026-03-11 23:42:48.426,METRO_V1
1032,METRO_V1_OSHIAGE,METRO_V1_KINSHICHO,2,2026-03-11 23:42:48.426,2026-03-11 23:42:48.426,METRO_V1
1033,METRO_V1_MEGURO,METRO_V1_SHIROKANEDAI,2,2026-03-11 23:42:48.426,2026-03-11 23:42:48.426,METRO_V1
1034,METRO_V1_SHIROKANEDAI,METRO_V1_MEGURO,2,2026-03-11 23:42:48.426,2026-03-11 23:42:48.426,METRO_V1
1035,METRO_V1_SHIROKANEDAI,METRO_V1_SHIROKANE-TAKANAWA,2,2026-03-11 23:42:48.426,2026-03-11 23:42:48.426,METRO_V1
1036,METRO_V1_SHIROKANE-TAKANAWA,METRO_V1_SHIROKANEDAI,2,2026-03-11 23:42:48.426,2026-03-11 23:42:48.426,METRO_V1
1037,METRO_V1_SHIROKANE-TAKANAWA,METRO_V1_AZABU-JUBAN,2,2026-03-11 23:42:48.426,2026-03-11 23:42:48.426,METRO_V1
1038,METRO_V1_AZABU-JUBAN,METRO_V1_SHIROKANE-TAKANAWA,2,2026-03-11 23:42:48.426,2026-03-11 23:42:48.426,METRO_V1
1039,METRO_V1_AZABU-JUBAN,METRO_V1_ROPPONGI-ITCHOME,2,2026-03-11 23:42:48.426,2026-03-11 23:42:48.426,METRO_V1
1040,METRO_V1_ROPPONGI-ITCHOME,METRO_V1_AZABU-JUBAN,1,2026-03-11 23:42:48.426,2026-03-11 23:42:48.426,METRO_V1
1041,METRO_V1_ROPPONGI-ITCHOME,METRO_V1_TAMEIKE-SANNO,2,2026-03-11 23:42:48.426,2026-03-11 23:42:48.426,METRO_V1
1042,METRO_V1_TAMEIKE-SANNO,METRO_V1_ROPPONGI-ITCHOME,2,2026-03-11 23:42:48.426,2026-03-11 23:42:48.426,METRO_V1
1043,METRO_V1_TAMEIKE-SANNO,METRO_V1_NAGATACHO,1,2026-03-11 23:42:48.426,2026-03-11 23:42:48.426,METRO_V1
1044,METRO_V1_NAGATACHO,METRO_V1_TAMEIKE-SANNO,1,2026-03-11 23:42:48.426,2026-03-11 23:42:48.426,METRO_V1
1045,METRO_V1_NAGATACHO,METRO_V1_YOTSUYA,2,2026-03-11 23:42:48.426,2026-03-11 23:42:48.426,METRO_V1
1046,METRO_V1_YOTSUYA,METRO_V1_NAGATACHO,2,2026-03-11 23:42:48.426,2026-03-11 23:42:48.426,METRO_V1
1047,METRO_V1_YOTSUYA,METRO_V1_ICHIGAYA,1,2026-03-11 23:42:48.426,2026-03-11 23:42:48.426,METRO_V1
1048,METRO_V1_ICHIGAYA,METRO_V1_YOTSUYA,1,2026-03-11 23:42:48.426,2026-03-11 23:42:48.426,METRO_V1
1049,METRO_V1_IIDABASHI,METRO_V1_KORAKUEN,1,2026-03-11 23:42:48.426,2026-03-11 23:42:48.426,METRO_V1
1050,METRO_V1_KORAKUEN,METRO_V1_IIDABASHI,2,2026-03-11 23:42:48.426,2026-03-11 23:42:48.426,METRO_V1
1051,METRO_V1_KORAKUEN,METRO_V1_TODAIMAE,2,2026-03-11 23:42:48.426,2026-03-11 23:42:48.426,METRO_V1
1052,METRO_V1_TODAIMAE,METRO_V1_KORAKUEN,3,2026-03-11 23:42:48.426,2026-03-11 23:42:48.426,METRO_V1
1053,METRO_V1_TODAIMAE,METRO_V1_HON-KOMAGOME,1,2026-03-11 23:42:48.426,2026-03-11 23:42:48.426,METRO_V1
1054,METRO_V1_HON-KOMAGOME,METRO_V1_TODAIMAE,1,2026-03-11 23:42:48.426,2026-03-11 23:42:48.426,METRO_V1
1055,METRO_V1_HON-KOMAGOME,METRO_V1_KOMAGOME,2,2026-03-11 23:42:48.426,2026-03-11 23:42:48.426,METRO_V1
1056,METRO_V1_KOMAGOME,METRO_V1_HON-KOMAGOME,2,2026-03-11 23:42:48.426,2026-03-11 23:42:48.426,METRO_V1
1057,METRO_V1_KOMAGOME,METRO_V1_NISHIGAHARA,2,2026-03-11 23:42:48.426,2026-03-11 23:42:48.426,METRO_V1
1058,METRO_V1_NISHIGAHARA,METRO_V1_KOMAGOME,2,2026-03-11 23:42:48.426,2026-03-11 23:42:48.426,METRO_V1
1059,METRO_V1_NISHIGAHARA,METRO_V1_OJI,1,2026-03-11 23:42:48.426,2026-03-11 23:42:48.426,METRO_V1
1060,METRO_V1_OJI,METRO_V1_NISHIGAHARA,1,2026-03-11 23:42:48.426,2026-03-11 23:42:48.426,METRO_V1
1061,METRO_V1_OJI,METRO_V1_OJI-KAMIYA,2,2026-03-11 23:42:48.426,2026-03-11 23:42:48.426,METRO_V1
1062,METRO_V1_OJI-KAMIYA,METRO_V1_OJI,2,2026-03-11 23:42:48.426,2026-03-11 23:42:48.426,METRO_V1
1063,METRO_V1_OJI-KAMIYA,METRO_V1_SHIMO,2,2026-03-11 23:42:48.426,2026-03-11 23:42:48.426,METRO_V1
1064,METRO_V1_SHIMO,METRO_V1_OJI-KAMIYA,2,2026-03-11 23:42:48.426,2026-03-11 23:42:48.426,METRO_V1
1065,METRO_V1_SHIMO,METRO_V1_AKABANE-IWABUCHI,1,2026-03-11 23:42:48.426,2026-03-11 23:42:48.426,METRO_V1
1066,METRO_V1_AKABANE-IWABUCHI,METRO_V1_SHIMO,2,2026-03-11 23:42:48.426,2026-03-11 23:42:48.426,METRO_V1
1067,METRO_V1_IKEBUKURO,METRO_V1_ZOSHIGAYA,3,2026-03-11 23:42:48.426,2026-03-11 23:42:48.426,METRO_V1
1068,METRO_V1_ZOSHIGAYA,METRO_V1_IKEBUKURO,2,2026-03-11 23:42:48.426,2026-03-11 23:42:48.426,METRO_V1
1069,METRO_V1_ZOSHIGAYA,METRO_V1_NISHI-WASEDA,2,2026-03-11 23:42:48.426,2026-03-11 23:42:48.426,METRO_V1
1070,METRO_V1_NISHI-WASEDA,METRO_V1_ZOSHIGAYA,2,2026-03-11 23:42:48.426,2026-03-11 23:42:48.426,METRO_V1
1071,METRO_V1_NISHI-WASEDA,METRO_V1_HIGASHI-SHINJUKU,2,2026-03-11 23:42:48.426,2026-03-11 23:42:48.426,METRO_V1
1072,METRO_V1_HIGASHI-SHINJUKU,METRO_V1_NISHI-WASEDA,2,2026-03-11 23:42:48.426,2026-03-11 23:42:48.426,METRO_V1
1073,METRO_V1_HIGASHI-SHINJUKU,METRO_V1_SHINJUKU-SANCHOME,2,2026-03-11 23:42:48.426,2026-03-11 23:42:48.426,METRO_V1
1074,METRO_V1_SHINJUKU-SANCHOME,METRO_V1_HIGASHI-SHINJUKU,2,2026-03-11 23:42:48.426,2026-03-11 23:42:48.426,METRO_V1
1075,METRO_V1_SHINJUKU-SANCHOME,METRO_V1_KITA-SANDO,2,2026-03-11 23:42:48.426,2026-03-11 23:42:48.426,METRO_V1
1076,METRO_V1_KITA-SANDO,METRO_V1_SHINJUKU-SANCHOME,3,2026-03-11 23:42:48.426,2026-03-11 23:42:48.426,METRO_V1
1077,METRO_V1_KITA-SANDO,METRO_V1_MEIJI-JINGUMAE,2,2026-03-11 23:42:48.426,2026-03-11 23:42:48.426,METRO_V1
1078,METRO_V1_MEIJI-JINGUMAE,METRO_V1_KITA-SANDO,2,2026-03-11 23:42:48.426,2026-03-11 23:42:48.426,METRO_V1
1079,METRO_V1_MEIJI-JINGUMAE,METRO_V1_SHIBUYA,2,2026-03-11 23:42:48.426,2026-03-11 23:42:48.426,METRO_V1
1080,METRO_V1_SHIBUYA,METRO_V1_MEIJI-JINGUMAE,2,2026-03-11 23:42:48.426,2026-03-11 23:42:48.426,METRO_V1
1081,METRO_V1_NISHI-MAGOME,METRO_V1_MAGOME,2,2026-03-11 23:42:48.426,2026-03-11 23:42:48.426,METRO_V1
1082,METRO_V1_MAGOME,METRO_V1_NISHI-MAGOME,2,2026-03-11 23:42:48.426,2026-03-11 23:42:48.426,METRO_V1
1083,METRO_V1_MAGOME,METRO_V1_NAKANOBU,2,2026-03-11 23:42:48.426,2026-03-11 23:42:48.426,METRO_V1
1084,METRO_V1_NAKANOBU,METRO_V1_MAGOME,2,2026-03-11 23:42:48.426,2026-03-11 23:42:48.426,METRO_V1
1085,METRO_V1_NAKANOBU,METRO_V1_TOGOSHI,2,2026-03-11 23:42:48.426,2026-03-11 23:42:48.426,METRO_V1
1086,METRO_V1_TOGOSHI,METRO_V1_NAKANOBU,2,2026-03-11 23:42:48.426,2026-03-11 23:42:48.426,METRO_V1
1087,METRO_V1_TOGOSHI,METRO_V1_GOTANDA,2,2026-03-11 23:42:48.426,2026-03-11 23:42:48.426,METRO_V1
1088,METRO_V1_GOTANDA,METRO_V1_TOGOSHI,2,2026-03-11 23:42:48.426,2026-03-11 23:42:48.426,METRO_V1
1089,METRO_V1_GOTANDA,METRO_V1_TAKANAWADAI,2,2026-03-11 23:42:48.426,2026-03-11 23:42:48.426,METRO_V1
1090,METRO_V1_TAKANAWADAI,METRO_V1_GOTANDA,1,2026-03-11 23:42:48.426,2026-03-11 23:42:48.426,METRO_V1
1091,METRO_V1_TAKANAWADAI,METRO_V1_SENGAKUJI,2,2026-03-11 23:42:48.426,2026-03-11 23:42:48.426,METRO_V1
1092,METRO_V1_SENGAKUJI,METRO_V1_TAKANAWADAI,3,2026-03-11 23:42:48.426,2026-03-11 23:42:48.426,METRO_V1
1093,METRO_V1_SENGAKUJI,METRO_V1_MITA,2,2026-03-11 23:42:48.426,2026-03-11 23:42:48.426,METRO_V1
1094,METRO_V1_MITA,METRO_V1_SENGAKUJI,2,2026-03-11 23:42:48.426,2026-03-11 23:42:48.426,METRO_V1
1095,METRO_V1_MITA,METRO_V1_DAIMON,2,2026-03-11 23:42:48.426,2026-03-11 23:42:48.426,METRO_V1
1096,METRO_V1_DAIMON,METRO_V1_MITA,2,2026-03-11 23:42:48.426,2026-03-11 23:42:48.426,METRO_V1
1097,METRO_V1_DAIMON,METRO_V1_SHIMBASHI,1,2026-03-11 23:42:48.426,2026-03-11 23:42:48.426,METRO_V1
1098,METRO_V1_SHIMBASHI,METRO_V1_DAIMON,2,2026-03-11 23:42:48.426,2026-03-11 23:42:48.426,METRO_V1
1099,METRO_V1_SHIMBASHI,METRO_V1_HIGASHI-GINZA,2,2026-03-11 23:42:48.426,2026-03-11 23:42:48.426,METRO_V1
1100,METRO_V1_HIGASHI-GINZA,METRO_V1_SHIMBASHI,2,2026-03-11 23:42:48.426,2026-03-11 23:42:48.426,METRO_V1
1101,METRO_V1_HIGASHI-GINZA,METRO_V1_TAKARACHO,2,2026-03-11 23:42:48.426,2026-03-11 23:42:48.426,METRO_V1
1102,METRO_V1_TAKARACHO,METRO_V1_HIGASHI-GINZA,1,2026-03-11 23:42:48.426,2026-03-11 23:42:48.426,METRO_V1
1103,METRO_V1_TAKARACHO,METRO_V1_NIHOMBASHI,2,2026-03-11 23:42:48.426,2026-03-11 23:42:48.426,METRO_V1
1104,METRO_V1_NIHOMBASHI,METRO_V1_TAKARACHO,2,2026-03-11 23:42:48.426,2026-03-11 23:42:48.426,METRO_V1
1105,METRO_V1_NIHOMBASHI,METRO_V1_NINGYOCHO,2,2026-03-11 23:42:48.426,2026-03-11 23:42:48.426,METRO_V1
1106,METRO_V1_NINGYOCHO,METRO_V1_NIHOMBASHI,1,2026-03-11 23:42:48.426,2026-03-11 23:42:48.426,METRO_V1
1107,METRO_V1_NINGYOCHO,METRO_V1_HIGASHI-NIHOMBASHI,2,2026-03-11 23:42:48.426,2026-03-11 23:42:48.426,METRO_V1
1108,METRO_V1_HIGASHI-NIHOMBASHI,METRO_V1_NINGYOCHO,2,2026-03-11 23:42:48.426,2026-03-11 23:42:48.426,METRO_V1
1109,METRO_V1_HIGASHI-NIHOMBASHI,METRO_V1_ASAKUSABASHI,1,2026-03-11 23:42:48.426,2026-03-11 23:42:48.426,METRO_V1
1110,METRO_V1_ASAKUSABASHI,METRO_V1_HIGASHI-NIHOMBASHI,1,2026-03-11 23:42:48.426,2026-03-11 23:42:48.426,METRO_V1
1111,METRO_V1_ASAKUSABASHI,METRO_V1_KURAMAE,1,2026-03-11 23:42:48.426,2026-03-11 23:42:48.426,METRO_V1
1112,METRO_V1_KURAMAE,METRO_V1_ASAKUSABASHI,2,2026-03-11 23:42:48.426,2026-03-11 23:42:48.426,METRO_V1
1113,METRO_V1_KURAMAE,METRO_V1_ASAKUSA,2,2026-03-11 23:42:48.426,2026-03-11 23:42:48.426,METRO_V1
1114,METRO_V1_ASAKUSA,METRO_V1_KURAMAE,2,2026-03-11 23:42:48.426,2026-03-11 23:42:48.426,METRO_V1
1115,METRO_V1_ASAKUSA,METRO_V1_HONJO-AZUMABASHI,2,2026-03-11 23:42:48.426,2026-03-11 23:42:48.426,METRO_V1
1116,METRO_V1_HONJO-AZUMABASHI,METRO_V1_ASAKUSA,2,2026-03-11 23:42:48.426,2026-03-11 23:42:48.426,METRO_V1
1117,METRO_V1_HONJO-AZUMABASHI,METRO_V1_OSHIAGE,2,2026-03-11 23:42:48.426,2026-03-11 23:42:48.426,METRO_V1
1118,METRO_V1_OSHIAGE,METRO_V1_HONJO-AZUMABASHI,1,2026-03-11 23:42:48.426,2026-03-11 23:42:48.426,METRO_V1
1119,METRO_V1_SHIROKANE-TAKANAWA,METRO_V1_MITA,3,2026-03-11 23:42:48.426,2026-03-11 23:42:48.426,METRO_V1
1120,METRO_V1_MITA,METRO_V1_SHIROKANE-TAKANAWA,3,2026-03-11 23:42:48.426,2026-03-11 23:42:48.426,METRO_V1
1121,METRO_V1_MITA,METRO_V1_SHIBAKOEN,1,2026-03-11 23:42:48.426,2026-03-11 23:42:48.426,METRO_V1
1122,METRO_V1_SHIBAKOEN,METRO_V1_MITA,1,2026-03-11 23:42:48.426,2026-03-11 23:42:48.426,METRO_V1
1123,METRO_V1_SHIBAKOEN,METRO_V1_ONARIMON,1,2026-03-11 23:42:48.426,2026-03-11 23:42:48.426,METRO_V1
1124,METRO_V1_ONARIMON,METRO_V1_SHIBAKOEN,2,2026-03-11 23:42:48.426,2026-03-11 23:42:48.426,METRO_V1
1125,METRO_V1_ONARIMON,METRO_V1_UCHISAIWAICHO,1,2026-03-11 23:42:48.426,2026-03-11 23:42:48.426,METRO_V1
1126,METRO_V1_UCHISAIWAICHO,METRO_V1_ONARIMON,1,2026-03-11 23:42:48.426,2026-03-11 23:42:48.426,METRO_V1
1127,METRO_V1_UCHISAIWAICHO,METRO_V1_HIBIYA,1,2026-03-11 23:42:48.426,2026-03-11 23:42:48.426,METRO_V1
1128,METRO_V1_HIBIYA,METRO_V1_UCHISAIWAICHO,1,2026-03-11 23:42:48.426,2026-03-11 23:42:48.426,METRO_V1
1129,METRO_V1_HIBIYA,METRO_V1_OTEMACHI,1,2026-03-11 23:42:48.426,2026-03-11 23:42:48.426,METRO_V1
1130,METRO_V1_OTEMACHI,METRO_V1_HIBIYA,1,2026-03-11 23:42:48.426,2026-03-11 23:42:48.426,METRO_V1
1131,METRO_V1_JIMBOCHO,METRO_V1_SUIDOBASHI,1,2026-03-11 23:42:48.426,2026-03-11 23:42:48.426,METRO_V1
1132,METRO_V1_SUIDOBASHI,METRO_V1_JIMBOCHO,2,2026-03-11 23:42:48.426,2026-03-11 23:42:48.426,METRO_V1
1133,METRO_V1_SUIDOBASHI,METRO_V1_KASUGA,1,2026-03-11 23:42:48.426,2026-03-11 23:42:48.426,METRO_V1
1134,METRO_V1_KASUGA,METRO_V1_SUIDOBASHI,1,2026-03-11 23:42:48.426,2026-03-11 23:42:48.426,METRO_V1
1135,METRO_V1_KASUGA,METRO_V1_HAKUSAN,2,2026-03-11 23:42:48.426,2026-03-11 23:42:48.426,METRO_V1
1136,METRO_V1_HAKUSAN,METRO_V1_KASUGA,2,2026-03-11 23:42:48.426,2026-03-11 23:42:48.426,METRO_V1
1137,METRO_V1_HAKUSAN,METRO_V1_SENGOKU,2,2026-03-11 23:42:48.426,2026-03-11 23:42:48.426,METRO_V1
1138,METRO_V1_SENGOKU,METRO_V1_HAKUSAN,1,2026-03-11 23:42:48.426,2026-03-11 23:42:48.426,METRO_V1
1139,METRO_V1_SENGOKU,METRO_V1_SUGAMO,2,2026-03-11 23:42:48.426,2026-03-11 23:42:48.426,METRO_V1
1140,METRO_V1_SUGAMO,METRO_V1_SENGOKU,2,2026-03-11 23:42:48.426,2026-03-11 23:42:48.426,METRO_V1
1141,METRO_V1_SUGAMO,METRO_V1_NISHI-SUGAMO,2,2026-03-11 23:42:48.426,2026-03-11 23:42:48.426,METRO_V1
1142,METRO_V1_NISHI-SUGAMO,METRO_V1_SUGAMO,2,2026-03-11 23:42:48.426,2026-03-11 23:42:48.426,METRO_V1
1143,METRO_V1_NISHI-SUGAMO,METRO_V1_SHIN-ITABASHI,2,2026-03-11 23:42:48.426,2026-03-11 23:42:48.426,METRO_V1
1144,METRO_V1_SHIN-ITABASHI,METRO_V1_NISHI-SUGAMO,2,2026-03-11 23:42:48.426,2026-03-11 23:42:48.426,METRO_V1
1145,METRO_V1_SHIN-ITABASHI,METRO_V1_ITABASHI-KUYAKUSHOMAE,2,2026-03-11 23:42:48.426,2026-03-11 23:42:48.426,METRO_V1
1146,METRO_V1_ITABASHI-KUYAKUSHOMAE,METRO_V1_SHIN-ITABASHI,2,2026-03-11 23:42:48.426,2026-03-11 23:42:48.426,METRO_V1
1147,METRO_V1_ITABASHI-KUYAKUSHOMAE,METRO_V1_ITABASHIHONCHO,2,2026-03-11 23:42:48.426,2026-03-11 23:42:48.426,METRO_V1
1148,METRO_V1_ITABASHIHONCHO,METRO_V1_ITABASHI-KUYAKUSHOMAE,2,2026-03-11 23:42:48.426,2026-03-11 23:42:48.426,METRO_V1
1149,METRO_V1_ITABASHIHONCHO,METRO_V1_MOTOHASUNUMA,1,2026-03-11 23:42:48.426,2026-03-11 23:42:48.426,METRO_V1
1150,METRO_V1_MOTOHASUNUMA,METRO_V1_ITABASHIHONCHO,1,2026-03-11 23:42:48.426,2026-03-11 23:42:48.426,METRO_V1
1151,METRO_V1_MOTOHASUNUMA,METRO_V1_SHIMURA-SAKAUE,1,2026-03-11 23:42:48.426,2026-03-11 23:42:48.426,METRO_V1
1152,METRO_V1_SHIMURA-SAKAUE,METRO_V1_MOTOHASUNUMA,2,2026-03-11 23:42:48.426,2026-03-11 23:42:48.426,METRO_V1
1153,METRO_V1_SHIMURA-SAKAUE,METRO_V1_SHIMURA-SANCHOME,2,2026-03-11 23:42:48.426,2026-03-11 23:42:48.426,METRO_V1
1154,METRO_V1_SHIMURA-SANCHOME,METRO_V1_SHIMURA-SAKAUE,2,2026-03-11 23:42:48.426,2026-03-11 23:42:48.426,METRO_V1
1155,METRO_V1_SHIMURA-SANCHOME,METRO_V1_HASUNE,2,2026-03-11 23:42:48.426,2026-03-11 23:42:48.426,METRO_V1
1156,METRO_V1_HASUNE,METRO_V1_SHIMURA-SANCHOME,2,2026-03-11 23:42:48.426,2026-03-11 23:42:48.426,METRO_V1
1157,METRO_V1_HASUNE,METRO_V1_NISHIDAI,2,2026-03-11 23:42:48.426,2026-03-11 23:42:48.426,METRO_V1
1158,METRO_V1_NISHIDAI,METRO_V1_HASUNE,2,2026-03-11 23:42:48.426,2026-03-11 23:42:48.426,METRO_V1
1159,METRO_V1_NISHIDAI,METRO_V1_TAKASHIMADAIRA,2,2026-03-11 23:42:48.426,2026-03-11 23:42:48.426,METRO_V1
1160,METRO_V1_TAKASHIMADAIRA,METRO_V1_NISHIDAI,2,2026-03-11 23:42:48.426,2026-03-11 23:42:48.426,METRO_V1
1161,METRO_V1_TAKASHIMADAIRA,METRO_V1_SHIN-TAKASHIMADAIRA,1,2026-03-11 23:42:48.426,2026-03-11 23:42:48.426,METRO_V1
1162,METRO_V1_SHIN-TAKASHIMADAIRA,METRO_V1_TAKASHIMADAIRA,1,2026-03-11 23:42:48.426,2026-03-11 23:42:48.426,METRO_V1
1163,METRO_V1_SHIN-TAKASHIMADAIRA,METRO_V1_NISHI-TAKASHIMADAIRA,2,2026-03-11 23:42:48.426,2026-03-11 23:42:48.426,METRO_V1
1164,METRO_V1_NISHI-TAKASHIMADAIRA,METRO_V1_SHIN-TAKASHIMADAIRA,2,2026-03-11 23:42:48.426,2026-03-11 23:42:48.426,METRO_V1
1165,METRO_V1_SHINJUKU-SANCHOME,METRO_V1_AKEBONOBASHI,2,2026-03-11 23:42:48.426,2026-03-11 23:42:48.426,METRO_V1
1166,METRO_V1_AKEBONOBASHI,METRO_V1_SHINJUKU-SANCHOME,2,2026-03-11 23:42:48.426,2026-03-11 23:42:48.426,METRO_V1
1167,METRO_V1_AKEBONOBASHI,METRO_V1_ICHIGAYA,2,2026-03-11 23:42:48.426,2026-03-11 23:42:48.426,METRO_V1
1168,METRO_V1_ICHIGAYA,METRO_V1_AKEBONOBASHI,2,2026-03-11 23:42:48.426,2026-03-11 23:42:48.426,METRO_V1
1169,METRO_V1_ICHIGAYA,METRO_V1_KUDANSHITA,2,2026-03-11 23:42:48.426,2026-03-11 23:42:48.426,METRO_V1
1170,METRO_V1_KUDANSHITA,METRO_V1_ICHIGAYA,2,2026-03-11 23:42:48.426,2026-03-11 23:42:48.426,METRO_V1
1171,METRO_V1_JIMBOCHO,METRO_V1_OGAWAMACHI,2,2026-03-11 23:42:48.426,2026-03-11 23:42:48.426,METRO_V1
1172,METRO_V1_OGAWAMACHI,METRO_V1_JIMBOCHO,2,2026-03-11 23:42:48.426,2026-03-11 23:42:48.426,METRO_V1
1173,METRO_V1_OGAWAMACHI,METRO_V1_IWAMOTOCHO,1,2026-03-11 23:42:48.426,2026-03-11 23:42:48.426,METRO_V1
1174,METRO_V1_IWAMOTOCHO,METRO_V1_OGAWAMACHI,1,2026-03-11 23:42:48.426,2026-03-11 23:42:48.426,METRO_V1
1175,METRO_V1_IWAMOTOCHO,METRO_V1_BAKURO-YOKOYAMA,2,2026-03-11 23:42:48.426,2026-03-11 23:42:48.426,METRO_V1
1176,METRO_V1_BAKURO-YOKOYAMA,METRO_V1_IWAMOTOCHO,2,2026-03-11 23:42:48.426,2026-03-11 23:42:48.426,METRO_V1
1177,METRO_V1_BAKURO-YOKOYAMA,METRO_V1_HAMACHO,1,2026-03-11 23:42:48.426,2026-03-11 23:42:48.426,METRO_V1
1178,METRO_V1_HAMACHO,METRO_V1_BAKURO-YOKOYAMA,1,2026-03-11 23:42:48.426,2026-03-11 23:42:48.426,METRO_V1
1179,METRO_V1_HAMACHO,METRO_V1_MORISHITA,1,2026-03-11 23:42:48.426,2026-03-11 23:42:48.426,METRO_V1
1180,METRO_V1_MORISHITA,METRO_V1_HAMACHO,1,2026-03-11 23:42:48.426,2026-03-11 23:42:48.426,METRO_V1
1181,METRO_V1_MORISHITA,METRO_V1_KIKUKAWA,2,2026-03-11 23:42:48.426,2026-03-11 23:42:48.426,METRO_V1
1182,METRO_V1_KIKUKAWA,METRO_V1_MORISHITA,2,2026-03-11 23:42:48.426,2026-03-11 23:42:48.426,METRO_V1
1183,METRO_V1_KIKUKAWA,METRO_V1_SUMIYOSHI,1,2026-03-11 23:42:48.426,2026-03-11 23:42:48.426,METRO_V1
1184,METRO_V1_SUMIYOSHI,METRO_V1_KIKUKAWA,1,2026-03-11 23:42:48.426,2026-03-11 23:42:48.426,METRO_V1
1185,METRO_V1_SUMIYOSHI,METRO_V1_NISHI-OJIMA,1,2026-03-11 23:42:48.426,2026-03-11 23:42:48.426,METRO_V1
1186,METRO_V1_NISHI-OJIMA,METRO_V1_SUMIYOSHI,1,2026-03-11 23:42:48.426,2026-03-11 23:42:48.426,METRO_V1
1187,METRO_V1_NISHI-OJIMA,METRO_V1_OJIMA,1,2026-03-11 23:42:48.426,2026-03-11 23:42:48.426,METRO_V1
1188,METRO_V1_OJIMA,METRO_V1_NISHI-OJIMA,1,2026-03-11 23:42:48.426,2026-03-11 23:42:48.426,METRO_V1
1189,METRO_V1_OJIMA,METRO_V1_HIGASHI-OJIMA,2,2026-03-11 23:42:48.426,2026-03-11 23:42:48.426,METRO_V1
1190,METRO_V1_HIGASHI-OJIMA,METRO_V1_OJIMA,2,2026-03-11 23:42:48.426,2026-03-11 23:42:48.426,METRO_V1
1191,METRO_V1_HIGASHI-OJIMA,METRO_V1_FUNABORI,2,2026-03-11 23:42:48.426,2026-03-11 23:42:48.426,METRO_V1
1192,METRO_V1_FUNABORI,METRO_V1_HIGASHI-OJIMA,2,2026-03-11 23:42:48.426,2026-03-11 23:42:48.426,METRO_V1
1193,METRO_V1_FUNABORI,METRO_V1_ICHINOE,2,2026-03-11 23:42:48.426,2026-03-11 23:42:48.426,METRO_V1
1194,METRO_V1_ICHINOE,METRO_V1_FUNABORI,2,2026-03-11 23:42:48.426,2026-03-11 23:42:48.426,METRO_V1
1195,METRO_V1_ICHINOE,METRO_V1_MIZUE,2,2026-03-11 23:42:48.426,2026-03-11 23:42:48.426,METRO_V1
1196,METRO_V1_MIZUE,METRO_V1_ICHINOE,2,2026-03-11 23:42:48.426,2026-03-11 23:42:48.426,METRO_V1
1197,METRO_V1_MIZUE,METRO_V1_SHINOZAKI,2,2026-03-11 23:42:48.426,2026-03-11 23:42:48.426,METRO_V1
1198,METRO_V1_SHINOZAKI,METRO_V1_MIZUE,2,2026-03-11 23:42:48.426,2026-03-11 23:42:48.426,METRO_V1
1199,METRO_V1_SHINOZAKI,METRO_V1_MOTOYAWATA,4,2026-03-11 23:42:48.426,2026-03-11 23:42:48.426,METRO_V1
1200,METRO_V1_MOTOYAWATA,METRO_V1_SHINOZAKI,3,2026-03-11 23:42:48.426,2026-03-11 23:42:48.426,METRO_V1
1201,METRO_V1_TOCHOMAE,METRO_V1_SHINJUKU-NISHIGUCHI,1,2026-03-11 23:42:48.426,2026-03-11 23:42:48.426,METRO_V1
1202,METRO_V1_SHINJUKU-NISHIGUCHI,METRO_V1_TOCHOMAE,2,2026-03-11 23:42:48.426,2026-03-11 23:42:48.426,METRO_V1
1203,METRO_V1_SHINJUKU-NISHIGUCHI,METRO_V1_HIGASHI-SHINJUKU,2,2026-03-11 23:42:48.426,2026-03-11 23:42:48.426,METRO_V1
1204,METRO_V1_HIGASHI-SHINJUKU,METRO_V1_SHINJUKU-NISHIGUCHI,3,2026-03-11 23:42:48.426,2026-03-11 23:42:48.426,METRO_V1
1205,METRO_V1_HIGASHI-SHINJUKU,METRO_V1_WAKAMATSU-KAWADA,2,2026-03-11 23:42:48.426,2026-03-11 23:42:48.426,METRO_V1
1206,METRO_V1_WAKAMATSU-KAWADA,METRO_V1_HIGASHI-SHINJUKU,2,2026-03-11 23:42:48.426,2026-03-11 23:42:48.426,METRO_V1
1207,METRO_V1_WAKAMATSU-KAWADA,METRO_V1_USHIGOME-YANAGICHO,1,2026-03-11 23:42:48.426,2026-03-11 23:42:48.426,METRO_V1
1208,METRO_V1_USHIGOME-YANAGICHO,METRO_V1_WAKAMATSU-KAWADA,2,2026-03-11 23:42:48.426,2026-03-11 23:42:48.426,METRO_V1
1209,METRO_V1_USHIGOME-YANAGICHO,METRO_V1_USHIGOME-KAGURAZAKA,2,2026-03-11 23:42:48.426,2026-03-11 23:42:48.426,METRO_V1
1210,METRO_V1_USHIGOME-KAGURAZAKA,METRO_V1_USHIGOME-YANAGICHO,2,2026-03-11 23:42:48.426,2026-03-11 23:42:48.426,METRO_V1
1211,METRO_V1_USHIGOME-KAGURAZAKA,METRO_V1_IIDABASHI,2,2026-03-11 23:42:48.426,2026-03-11 23:42:48.426,METRO_V1
1212,METRO_V1_IIDABASHI,METRO_V1_USHIGOME-KAGURAZAKA,2,2026-03-11 23:42:48.426,2026-03-11 23:42:48.426,METRO_V1
1213,METRO_V1_IIDABASHI,METRO_V1_KASUGA,2,2026-03-11 23:42:48.426,2026-03-11 23:42:48.426,METRO_V1
1214,METRO_V1_KASUGA,METRO_V1_IIDABASHI,2,2026-03-11 23:42:48.426,2026-03-11 23:42:48.426,METRO_V1
1215,METRO_V1_KASUGA,METRO_V1_HONGO-SANCHOME,1,2026-03-11 23:42:48.426,2026-03-11 23:42:48.426,METRO_V1
1216,METRO_V1_HONGO-SANCHOME,METRO_V1_KASUGA,1,2026-03-11 23:42:48.426,2026-03-11 23:42:48.426,METRO_V1
1217,METRO_V1_HONGO-SANCHOME,METRO_V1_UENO-OKACHIMACHI,2,2026-03-11 23:42:48.426,2026-03-11 23:42:48.426,METRO_V1
1218,METRO_V1_UENO-OKACHIMACHI,METRO_V1_HONGO-SANCHOME,2,2026-03-11 23:42:48.426,2026-03-11 23:42:48.426,METRO_V1
1219,METRO_V1_UENO-OKACHIMACHI,METRO_V1_SHIN-OKACHIMACHI,2,2026-03-11 23:42:48.426,2026-03-11 23:42:48.426,METRO_V1
1220,METRO_V1_SHIN-OKACHIMACHI,METRO_V1_UENO-OKACHIMACHI,1,2026-03-11 23:42:48.426,2026-03-11 23:42:48.426,METRO_V1
1221,METRO_V1_SHIN-OKACHIMACHI,METRO_V1_KURAMAE,2,2026-03-11 23:42:48.426,2026-03-11 23:42:48.426,METRO_V1
1222,METRO_V1_KURAMAE,METRO_V1_SHIN-OKACHIMACHI,2,2026-03-11 23:42:48.426,2026-03-11 23:42:48.426,METRO_V1
1223,METRO_V1_KURAMAE,METRO_V1_RYOGOKU,2,2026-03-11 23:42:48.426,2026-03-11 23:42:48.426,METRO_V1
1224,METRO_V1_RYOGOKU,METRO_V1_KURAMAE,2,2026-03-11 23:42:48.426,2026-03-11 23:42:48.426,METRO_V1
1225,METRO_V1_RYOGOKU,METRO_V1_MORISHITA,2,2026-03-11 23:42:48.426,2026-03-11 23:42:48.426,METRO_V1
1226,METRO_V1_MORISHITA,METRO_V1_RYOGOKU,2,2026-03-11 23:42:48.426,2026-03-11 23:42:48.426,METRO_V1
1227,METRO_V1_MORISHITA,METRO_V1_KIYOSUMI-SHIRAKAWA,1,2026-03-11 23:42:48.426,2026-03-11 23:42:48.426,METRO_V1
1228,METRO_V1_KIYOSUMI-SHIRAKAWA,METRO_V1_MORISHITA,1,2026-03-11 23:42:48.426,2026-03-11 23:42:48.426,METRO_V1
1229,METRO_V1_KIYOSUMI-SHIRAKAWA,METRO_V1_MONZEN-NAKACHO,2,2026-03-11 23:42:48.426,2026-03-11 23:42:48.426,METRO_V1
1230,METRO_V1_MONZEN-NAKACHO,METRO_V1_KIYOSUMI-SHIRAKAWA,3,2026-03-11 23:42:48.426,2026-03-11 23:42:48.426,METRO_V1
1231,METRO_V1_MONZEN-NAKACHO,METRO_V1_TSUKISHIMA,1,2026-03-11 23:42:48.426,2026-03-11 23:42:48.426,METRO_V1
1232,METRO_V1_TSUKISHIMA,METRO_V1_MONZEN-NAKACHO,2,2026-03-11 23:42:48.426,2026-03-11 23:42:48.426,METRO_V1
1233,METRO_V1_TSUKISHIMA,METRO_V1_KACHIDOKI,2,2026-03-11 23:42:48.426,2026-03-11 23:42:48.426,METRO_V1
1234,METRO_V1_KACHIDOKI,METRO_V1_TSUKISHIMA,2,2026-03-11 23:42:48.426,2026-03-11 23:42:48.426,METRO_V1
1235,METRO_V1_KACHIDOKI,METRO_V1_TSUKIJISHIJO,2,2026-03-11 23:42:48.426,2026-03-11 23:42:48.426,METRO_V1
1236,METRO_V1_TSUKIJISHIJO,METRO_V1_KACHIDOKI,3,2026-03-11 23:42:48.426,2026-03-11 23:42:48.426,METRO_V1
1237,METRO_V1_TSUKIJISHIJO,METRO_V1_SHIODOME,2,2026-03-11 23:42:48.426,2026-03-11 23:42:48.426,METRO_V1
1238,METRO_V1_SHIODOME,METRO_V1_TSUKIJISHIJO,2,2026-03-11 23:42:48.426,2026-03-11 23:42:48.426,METRO_V1
1239,METRO_V1_SHIODOME,METRO_V1_DAIMON,2,2026-03-11 23:42:48.426,2026-03-11 23:42:48.426,METRO_V1
1240,METRO_V1_DAIMON,METRO_V1_SHIODOME,1,2026-03-11 23:42:48.426,2026-03-11 23:42:48.426,METRO_V1
1241,METRO_V1_DAIMON,METRO_V1_AKABANEBASHI,3,2026-03-11 23:42:48.426,2026-03-11 23:42:48.426,METRO_V1
1242,METRO_V1_AKABANEBASHI,METRO_V1_DAIMON,3,2026-03-11 23:42:48.426,2026-03-11 23:42:48.426,METRO_V1
1243,METRO_V1_AKABANEBASHI,METRO_V1_AZABU-JUBAN,1,2026-03-11 23:42:48.426,2026-03-11 23:42:48.426,METRO_V1
1244,METRO_V1_AZABU-JUBAN,METRO_V1_AKABANEBASHI,1,2026-03-11 23:42:48.426,2026-03-11 23:42:48.426,METRO_V1
1245,METRO_V1_AZABU-JUBAN,METRO_V1_ROPPONGI,2,2026-03-11 23:42:48.426,2026-03-11 23:42:48.426,METRO_V1
1246,METRO_V1_ROPPONGI,METRO_V1_AZABU-JUBAN,1,2026-03-11 23:42:48.426,2026-03-11 23:42:48.426,METRO_V1
1247,METRO_V1_ROPPONGI,METRO_V1_AOYAMA-ITCHOME,2,2026-03-11 23:42:48.426,2026-03-11 23:42:48.426,METRO_V1
1248,METRO_V1_AOYAMA-ITCHOME,METRO_V1_ROPPONGI,2,2026-03-11 23:42:48.426,2026-03-11 23:42:48.426,METRO_V1
1249,METRO_V1_AOYAMA-ITCHOME,METRO_V1_KOKURITSU-KYOGIJO,2,2026-03-11 23:42:48.426,2026-03-11 23:42:48.426,METRO_V1
1250,METRO_V1_KOKURITSU-KYOGIJO,METRO_V1_AOYAMA-ITCHOME,2,2026-03-11 23:42:48.426,2026-03-11 23:42:48.426,METRO_V1
1251,METRO_V1_KOKURITSU-KYOGIJO,METRO_V1_YOYOGI,2,2026-03-11 23:42:48.426,2026-03-11 23:42:48.426,METRO_V1
1252,METRO_V1_YOYOGI,METRO_V1_KOKURITSU-KYOGIJO,2,2026-03-11 23:42:48.426,2026-03-11 23:42:48.426,METRO_V1
1253,METRO_V1_YOYOGI,METRO_V1_SHINJUKU,2,2026-03-11 23:42:48.426,2026-03-11 23:42:48.426,METRO_V1
1254,METRO_V1_SHINJUKU,METRO_V1_YOYOGI,1,2026-03-11 23:42:48.426,2026-03-11 23:42:48.426,METRO_V1
1255,METRO_V1_SHINJUKU,METRO_V1_TOCHOMAE,2,2026-03-11 23:42:48.426,2026-03-11 23:42:48.426,METRO_V1
1256,METRO_V1_TOCHOMAE,METRO_V1_SHINJUKU,2,2026-03-11 23:42:48.426,2026-03-11 23:42:48.426,METRO_V1
1257,METRO_V1_TOCHOMAE,METRO_V1_NISHI-SHINJUKU-GOCHOME,2,2026-03-11 23:42:48.426,2026-03-11 23:42:48.426,METRO_V1
1258,METRO_V1_NISHI-SHINJUKU-GOCHOME,METRO_V1_TOCHOMAE,2,2026-03-11 23:42:48.426,2026-03-11 23:42:48.426,METRO_V1
1259,METRO_V1_NISHI-SHINJUKU-GOCHOME,METRO_V1_NAKANO-SAKAUE,2,2026-03-11 23:42:48.426,2026-03-11 23:42:48.426,METRO_V1
1260,METRO_V1_NAKANO-SAKAUE,METRO_V1_NISHI-SHINJUKU-GOCHOME,2,2026-03-11 23:42:48.426,2026-03-11 23:42:48.426,METRO_V1
1261,METRO_V1_NAKANO-SAKAUE,METRO_V1_HIGASHI-NAKANO,2,2026-03-11 23:42:48.426,2026-03-11 23:42:48.426,METRO_V1
1262,METRO_V1_HIGASHI-NAKANO,METRO_V1_NAKANO-SAKAUE,2,2026-03-11 23:42:48.426,2026-03-11 23:42:48.426,METRO_V1
1263,METRO_V1_HIGASHI-NAKANO,METRO_V1_NAKAI,1,2026-03-11 23:42:48.426,2026-03-11 23:42:48.426,METRO_V1
1264,METRO_V1_NAKAI,METRO_V1_HIGASHI-NAKANO,1,2026-03-11 23:42:48.426,2026-03-11 23:42:48.426,METRO_V1
1265,METRO_V1_NAKAI,METRO_V1_OCHIAI-MINAMI-NAGASAKI,2,2026-03-11 23:42:48.426,2026-03-11 23:42:48.426,METRO_V1
1266,METRO_V1_OCHIAI-MINAMI-NAGASAKI,METRO_V1_NAKAI,2,2026-03-11 23:42:48.426,2026-03-11 23:42:48.426,METRO_V1
1267,METRO_V1_OCHIAI-MINAMI-NAGASAKI,METRO_V1_SHIN-EGOTA,2,2026-03-11 23:42:48.426,2026-03-11 23:42:48.426,METRO_V1
1268,METRO_V1_SHIN-EGOTA,METRO_V1_OCHIAI-MINAMI-NAGASAKI,2,2026-03-11 23:42:48.426,2026-03-11 23:42:48.426,METRO_V1
1269,METRO_V1_SHIN-EGOTA,METRO_V1_NERIMA,2,2026-03-11 23:42:48.426,2026-03-11 23:42:48.426,METRO_V1
1270,METRO_V1_NERIMA,METRO_V1_SHIN-EGOTA,2,2026-03-11 23:42:48.426,2026-03-11 23:42:48.426,METRO_V1
1271,METRO_V1_NERIMA,METRO_V1_TOSHIMAEN,2,2026-03-11 23:42:48.426,2026-03-11 23:42:48.426,METRO_V1
1272,METRO_V1_TOSHIMAEN,METRO_V1_NERIMA,2,2026-03-11 23:42:48.426,2026-03-11 23:42:48.426,METRO_V1
1273,METRO_V1_TOSHIMAEN,METRO_V1_NERIMA-KASUGACHO,2,2026-03-11 23:42:48.426,2026-03-11 23:42:48.426,METRO_V1
1274,METRO_V1_NERIMA-KASUGACHO,METRO_V1_TOSHIMAEN,2,2026-03-11 23:42:48.426,2026-03-11 23:42:48.426,METRO_V1
1275,METRO_V1_NERIMA-KASUGACHO,METRO_V1_HIKARIGAOKA,2,2026-03-11 23:42:48.426,2026-03-11 23:42:48.426,METRO_V1
1276,METRO_V1_HIKARIGAOKA,METRO_V1_NERIMA-KASUGACHO,1,2026-03-11 23:42:48.426,2026-03-11 23:42:48.426,METRO_V1
1277,METRO_V1_SHINJUKU,METRO_V1_SHINJUKU-NISHIGUCHI,0,2026-03-11 23:42:48.426,2026-03-11 23:42:48.426,METRO_V1
1278,METRO_V1_SHINJUKU-NISHIGUCHI,METRO_V1_SHINJUKU,0,2026-03-11 23:42:48.426,2026-03-11 23:42:48.426,METRO_V1
1279,METRO_V1_AKASAKA-MITSUKE,METRO_V1_NAGATACHO,0,2026-03-11 23:42:48.426,2026-03-11 23:42:48.426,METRO_V1
1280,METRO_V1_NAGATACHO,METRO_V1_AKASAKA-MITSUKE,0,2026-03-11 23:42:48.426,2026-03-11 23:42:48.426,METRO_V1
1281,METRO_V1_KASUGA,METRO_V1_KORAKUEN,0,2026-03-11 23:42:48.426,2026-03-11 23:42:48.426,METRO_V1
1282,METRO_V1_KORAKUEN,METRO_V1_KASUGA,0,2026-03-11 23:42:48.426,2026-03-11 23:42:48.426,METRO_V1
1283,METRO_V1_KOKKAI-GIJIDOMAE,METRO_V1_TAMEIKE-SANNO,0,2026-03-11 23:42:48.426,2026-03-11 23:42:48.426,METRO_V1
1284,METRO_V1_TAMEIKE-SANNO,METRO_V1_KOKKAI-GIJIDOMAE,0,2026-03-11 23:42:48.426,2026-03-11 23:42:48.426,METRO_V1
1285,METRO_V1_TORANOMON,METRO_V1_TORANOMON-HILLS,0,2026-03-11 23:42:48.426,2026-03-11 23:42:48.426,METRO_V1
1286,METRO_V1_TORANOMON-HILLS,METRO_V1_TORANOMON,0,2026-03-11 23:42:48.426,2026-03-11 23:42:48.426,METRO_V1
1287,METRO_V1_HIBIYA,METRO_V1_YURAKUCHO,0,2026-03-11 23:42:48.426,2026-03-11 23:42:48.426,METRO_V1
1288,METRO_V1_YURAKUCHO,METRO_V1_HIBIYA,0,2026-03-11 23:42:48.426,2026-03-11 23:42:48.426,METRO_V1
1289,METRO_V1_GINZA,METRO_V1_GINZA-ITCHOME,0,2026-03-11 23:42:48.426,2026-03-11 23:42:48.426,METRO_V1
1290,METRO_V1_GINZA-ITCHOME,METRO_V1_GINZA,0,2026-03-11 23:42:48.426,2026-03-11 23:42:48.426,METRO_V1
1291,METRO_V1_SHIN-OCHANOMIZU,METRO_V1_OGAWAMACHI,0,2026-03-11 23:42:48.426,2026-03-11 23:42:48.426,METRO_V1
1292,METRO_V1_OGAWAMACHI,METRO_V1_SHIN-OCHANOMIZU,0,2026-03-11 23:42:48.426,2026-03-11 23:42:48.426,METRO_V1
1293,METRO_V1_OGAWAMACHI,METRO_V1_AWAJICHO,0,2026-03-11 23:42:48.426,2026-03-11 23:42:48.426,METRO_V1
1294,METRO_V1_AWAJICHO,METRO_V1_OGAWAMACHI,0,2026-03-11 23:42:48.426,2026-03-11 23:42:48.426,METRO_V1
1295,METRO_V1_AWAJICHO,METRO_V1_SHIN-OCHANOMIZU,0,2026-03-11 23:42:48.426,2026-03-11 23:42:48.426,METRO_V1
1296,METRO_V1_SHIN-OCHANOMIZU,METRO_V1_AWAJICHO,0,2026-03-11 23:42:48.426,2026-03-11 23:42:48.426,METRO_V1
1297,METRO_V1_UENO-HIROKOJI,METRO_V1_UENO-OKACHIMACHI,0,2026-03-11 23:42:48.426,2026-03-11 23:42:48.426,METRO_V1
1298,METRO_V1_UENO-OKACHIMACHI,METRO_V1_UENO-HIROKOJI,0,2026-03-11 23:42:48.426,2026-03-11 23:42:48.426,METRO_V1
1299,METRO_V1_UENO-OKACHIMACHI,METRO_V1_NAKA-OKACHIMACHI,0,2026-03-11 23:42:48.426,2026-03-11 23:42:48.426,METRO_V1
1300,METRO_V1_NAKA-OKACHIMACHI,METRO_V1_UENO-OKACHIMACHI,0,2026-03-11 23:42:48.426,2026-03-11 23:42:48.426,METRO_V1
1301,METRO_V1_NAKA-OKACHIMACHI,METRO_V1_UENO-HIROKOJI,0,2026-03-11 23:42:48.426,2026-03-11 23:42:48.426,METRO_V1
1302,METRO_V1_UENO-HIROKOJI,METRO_V1_NAKA-OKACHIMACHI,0,2026-03-11 23:42:48.426,2026-03-11 23:42:48.426,METRO_V1
1303,METRO_V1_BAKURO-YOKOYAMA,METRO_V1_HIGASHI-NIHOMBASHI,0,2026-03-11 23:42:48.426,2026-03-11 23:42:48.426,METRO_V1
1304,METRO_V1_HIGASHI-NIHOMBASHI,METRO_V1_BAKURO-YOKOYAMA,0,2026-03-11 23:42:48.426,2026-03-11 23:42:48.426,METRO_V1