id,station_code,name,kana,latitude,longitude,is_mission_set,created_at,updated_at,event_type_code,english_name
1,AOBADAI,青葉台,あおばだい,35.542955,139.517182,false,2025-08-22 14:49:18.208+00,2025-08-22 14:49:18.208+00,TOKYU,Aobadai
2,AZAMINO,あざみ野,あざみの,35.568717,139.553556,true,2025-08-22 14:49:18.215+00,2025-08-22 14:49:18.215+00,TOKYU,Azamino
3,BASHAMICHI,馬車道,ばしゃみち,35.450135,139.636175,true,2025-08-22 14:49:18.219+00,2025-08-22 14:49:18.219+00,TOKYU,Bashamichi
4,CHIDORICHO,千鳥町,ちどりちょう,35.57293,139.691459,false,2025-08-22 14:49:18.223+00,2025-08-22 14:49:18.223+00,TOKYU,Chidorichō
5,CHUORINKAN,中央林間,ちゅうおうりんかん,35.50788411,139.4441171,true,2025-08-22 14:49:18.227+00,2025-08-22 14:49:18.227+00,TOKYU,Chūō-rinkan
6,DAIKANYAMA,代官山,だいかんやま,35.648104,139.703168,false,2025-08-22 14:49:18.231+00,2025-08-22 14:49:18.231+00,TOKYU,Daikan-yama
7,DENENCHOFU,田園調布,でんえんちょうふ,35.603844,139.6723,false,2025-08-22 14:49:18.234+00,2025-08-22 14:49:18.234+00,TOKYU,Den-en-chōfu
8,EBARAMACHI,荏原町,えばらまち,35.603782,139.70781,false,2025-08-22 14:49:18.238+00,2025-08-22 14:49:18.238+00,TOKYU,Ebara-machi
9,EBARANAKANOBU,荏原中延,えばらなかのぶ,35.609953,139.711954,false,2025-08-22 14:49:18.241+00,2025-08-22 14:49:18.241+00,TOKYU,Ebara-nakanobu
10,EDA,江田,えだ,35.558646,139.551509,false,2025-08-22 14:49:18.245+00,2025-08-22 14:49:18.245+00,TOKYU,Eda
11,FUDOMAE,不動前,ふどうまえ,35.625679,139.713406,false,2025-08-22 14:49:18.248+00,2025-08-22 14:49:18.248+00,TOKYU,Fudō-mae
12,FUJIGAOKA,藤が丘,ふじがおか,35.543595,139.527873,false,2025-08-22 14:49:18.251+00,2025-08-22 14:49:18.251+00,TOKYU,Fujigaoka
13,FUTAKOSHINCHI,二子新地,ふたこしんち,35.607125,139.622399,false,2025-08-22 14:49:18.254+00,2025-08-22 14:49:18.254+00,TOKYU,Futako-shinchi
14,FUTAKOTAMAGAWA,二子玉川,ふたこたまがわ,35.611499,139.626624,false,2025-08-22 14:49:18.257+00,2025-08-22 14:49:18.257+00,TOKYU,Futako-tamagawa
15,GAKUGEIDAIGAKU,学芸大学,がくげいだいがく,35.628845,139.685284,false,2025-08-22 14:49:18.26+00,2025-08-22 14:49:18.26+00,TOKYU,Gakugei-daigaku
16,GOTANDA,五反田,ごたんだ,35.626446,139.723444,true,2025-08-22 14:49:18.263+00,2025-08-22 14:49:18.263+00,TOKYU,Gotanda
17,HAKURAKU,白楽,はくらく,35.489697,139.627892,true,2025-08-22 14:49:18.266+00,2025-08-22 14:49:18.266+00,TOKYU,Hakuraku
18,HASUNUMA,蓮沼,はすぬま,35.50670837,139.6168805,false,2025-08-22 14:49:18.269+00,2025-08-22 14:49:18.269+00,TOKYU,Hasunuma
19,HATANODAI,旗の台,はたのだい,35.604848,139.702497,false,2025-08-22 14:49:18.272+00,2025-08-22 14:49:18.272+00,TOKYU,Hatanodai
20,HIGASHIHAKURAKU,東白楽,ひがしはくらく,35.483425,139.629361,false,2025-08-22 14:49:18.275+00,2025-08-22 14:49:18.275+00,TOKYU,Higashi-hakuraku
21,HIYOSHI,日吉,ひよし,35.553064,139.646783,true,2025-08-22 14:49:18.278+00,2025-08-22 14:49:18.278+00,TOKYU,Hiyoshi
22,ICHIGAO,市が尾,いちがお,35.551477,139.541388,false,2025-08-22 14:49:18.281+00,2025-08-22 14:49:18.281+00,TOKYU,Ichigao
23,IKEGAMI,池上,いけがみ,35.572097,139.702885,true,2025-08-22 14:49:18.284+00,2025-08-22 14:49:18.284+00,TOKYU,Ikegami
24,IKEJIRIOHASHI,池尻大橋,いけじりおおはし,35.650603,139.684319,false,2025-08-22 14:49:18.288+00,2025-08-22 14:49:18.288+00,TOKYU,Ikejiri-ōhashi
25,ISHIKAWADAI,石川台,いしかわだい,35.596943,139.685257,false,2025-08-22 14:49:18.291+00,2025-08-22 14:49:18.291+00,TOKYU,Ishikawa-dai
26,JIYUGAOKA,自由が丘,じゆうがおか,35.607577,139.669094,false,2025-08-22 14:49:18.294+00,2025-08-22 14:49:18.294+00,TOKYU,Jiyūgaoka
27,KAJIGAYA,梶が谷,かじがや,35.594102,139.606008,false,2025-08-22 14:49:18.297+00,2025-08-22 14:49:18.297+00,TOKYU,Kajigaya
28,KAMATA,蒲田,かまた,35.562479,139.716051,false,2025-08-22 14:49:18.301+00,2025-08-22 14:49:18.301+00,TOKYU,Kamata
29,KAMINOGE,上野毛,かみのげ,35.612007,139.638861,false,2025-08-22 14:49:18.304+00,2025-08-22 14:49:18.304+00,TOKYU,Kaminoge
30,KIKUNA,菊名,きくな,35.50963984,139.630734,false,2025-08-22 14:49:18.307+00,2025-08-22 14:49:18.307+00,TOKYU,Kikuna
31,KITASENZOKU,北千束,きたせんぞく,35.60632,139.693214,false,2025-08-22 14:49:18.31+00,2025-08-22 14:49:18.31+00,TOKYU,Kitasenzoku
32,KOMAZAWADAIGAKU,駒沢大学,こまざわだいがく,35.633471,139.661702,false,2025-08-22 14:49:18.314+00,2025-08-22 14:49:18.314+00,TOKYU,Komazawa University
33,KUGAHARA,久が原,くがはら,35.57984,139.685345,false,2025-08-22 14:49:18.317+00,2025-08-22 14:49:18.317+00,TOKYU,Kugahara
34,KUHONBUTSU,九品仏,くほんぶつ,35.605411,139.661023,false,2025-08-22 14:49:18.32+00,2025-08-22 14:49:18.32+00,TOKYU,Kuhombutsu
35,MEGURO,目黒,めぐろ,35.633998,139.715828,true,2025-08-22 14:49:18.323+00,2025-08-22 14:49:18.323+00,TOKYU,Meguro
36,MIDORIGAOKA,緑が丘,みどりがおか,35.50670837,139.6168805,false,2025-08-22 14:49:18.327+00,2025-08-22 14:49:18.327+00,TOKYU,Midorigaoka
37,MINAMIMACHIDAGRANBERRYPARK,南町田グランベリーパーク,みなみまちだぐらんべりーぱーく,35.511502,139.470318,true,2025-08-22 14:49:18.331+00,2025-08-22 14:49:18.331+00,TOKYU,Minami-machida Grandberry Park
38,MINATOMIRAI,みなとみらい,みなとみらい,35.457917,139.632314,false,2025-08-22 14:49:18.334+00,2025-08-22 14:49:18.334+00,TOKYU,Minatomirai
39,MIYAMAEDAIRA,宮前平,みやまえだいら,35.584945,139.581919,false,2025-08-22 14:49:18.338+00,2025-08-22 14:49:18.338+00,TOKYU,Miyamaedaira
40,MIYAZAKIDAI,宮崎台,みやざきだい,35.587325,139.591349,false,2025-08-22 14:49:18.341+00,2025-08-22 14:49:18.341+00,TOKYU,Miyazakidai
41,MIZONOKUCHI,溝の口,みぞのくち,35.600032,139.610626,true,2025-08-22 14:49:18.344+00,2025-08-22 14:49:18.344+00,TOKYU,Mizonokuchi
42,MOTOMACHICHUKAGAI,元町・中華街,もとまちちゅうかがい,35.442411,139.650472,true,2025-08-22 14:49:18.347+00,2025-08-22 14:49:18.347+00,TOKYU,Motomachi-Chūkagai
43,MOTOSUMIYOSHI,元住吉,もとすみよし,35.56432,139.654046,false,2025-08-22 14:49:18.35+00,2025-08-22 14:49:18.35+00,TOKYU,Motosumiyoshi
44,MUSASHIKOSUGI,武蔵小杉,むさしこすぎ,35.57657493,139.6594451,false,2025-08-22 14:49:18.353+00,2025-08-22 14:49:18.353+00,TOKYU,Musashi-kosugi
45,MUSASHIKOYAMA,武蔵小山,むさしこやま,35.620507,139.704413,true,2025-08-22 14:49:18.356+00,2025-08-22 14:49:18.356+00,TOKYU,Musashi-koyama
46,MUSASHINITTA,武蔵新田,むさしにった,35.567711,139.692579,false,2025-08-22 14:49:18.359+00,2025-08-22 14:49:18.359+00,TOKYU,Musashi-nitta
47,MYORENJI,妙蓮寺,みょうれんじ,35.498474,139.633139,false,2025-08-22 14:49:18.362+00,2025-08-22 14:49:18.362+00,TOKYU,Myōrenji
48,NAGAHARA,長原,ながはら,35.602237,139.697903,false,2025-08-22 14:49:18.365+00,2025-08-22 14:49:18.365+00,TOKYU,Nagahara
49,NAGATSUTA,長津田,ながつた,35.53168368,139.4952627,true,2025-08-22 14:49:18.368+00,2025-08-22 14:49:18.368+00,TOKYU,Nagatsuta
50,NAKAMEGURO,中目黒,なかめぐろ,35.644307,139.699157,true,2025-08-22 14:49:18.371+00,2025-08-22 14:49:18.371+00,TOKYU,Naka-meguro
51,NAKANOBU,中延,なかのぶ,35.605479,139.713679,false,2025-08-22 14:49:18.374+00,2025-08-22 14:49:18.374+00,TOKYU,Nakanobu
52,NIHONODORI,日本大通り,にほんおおどおり,35.446821,139.642608,false,2025-08-22 14:49:18.377+00,2025-08-22 14:49:18.377+00,TOKYU,Nihon-ōdōri
53,NISHIKOYAMA,西小山,にしこやま,35.615685,139.698866,false,2025-08-22 14:49:18.38+00,2025-08-22 14:49:18.38+00,TOKYU,Nishi-koyama
54,NUMABE,沼部,ぬまべ,35.582506,139.673249,false,2025-08-22 14:49:18.385+00,2025-08-22 14:49:18.385+00,TOKYU,Numabe
55,OIMACHI,大井町,おおいまち,35.606249,139.734855,true,2025-08-22 14:49:18.39+00,2025-08-22 14:49:18.39+00,TOKYU,Ōimachi
56,OKURAYAMA,大倉山,おおくらやま,35.522019,139.629916,false,2025-08-22 14:49:18.399+00,2025-08-22 14:49:18.399+00,TOKYU,Ōkurayama
57,OKUSAWA,奥沢,おくさわ,35.59689,139.66732,false,2025-08-22 14:49:18.405+00,2025-08-22 14:49:18.405+00,TOKYU,Okusawa
58,ONTAKESAN,御嶽山,おんたけさん,35.585303,139.682367,false,2025-08-22 14:49:18.409+00,2025-08-22 14:49:18.409+00,TOKYU,Ontakesan
59,OOKAYAMA,大岡山,おおおかやま,35.607531,139.685637,true,2025-08-22 14:49:18.412+00,2025-08-22 14:49:18.412+00,TOKYU,Ōokayama
60,OSAKIHIROKOJI,大崎広小路,おおさきひろこうじ,35.622469,139.722486,false,2025-08-22 14:49:18.416+00,2025-08-22 14:49:18.416+00,TOKYU,Ōsakihirokōji
61,OYAMADAI,尾山台,おやまだい,35.606891,139.654051,false,2025-08-22 14:49:18.419+00,2025-08-22 14:49:18.419+00,TOKYU,Oyamadai
62,SAGINUMA,鷺沼,さぎぬま,35.579579,139.573018,false,2025-08-22 14:49:18.423+00,2025-08-22 14:49:18.423+00,TOKYU,Saginuma
63,SAKURASHINMACHI,桜新町,さくらしんまち,35.631666,139.644779,false,2025-08-22 14:49:18.426+00,2025-08-22 14:49:18.426+00,TOKYU,Sakura-shimmachi
64,SANGENJAYA,三軒茶屋,さんげんぢゃや,35.643515,139.671162,true,2025-08-22 14:49:18.43+00,2025-08-22 14:49:18.43+00,TOKYU,Sangen-jaya
65,SENZOKU,洗足,せんぞく,35.61043,139.694367,false,2025-08-22 14:49:18.433+00,2025-08-22 14:49:18.433+00,TOKYU,Senzoku
66,SENZOKUIKE,洗足池,せんぞくいけ,35.599796,139.691098,true,2025-08-22 14:49:18.436+00,2025-08-22 14:49:18.436+00,TOKYU,Senzoku-ike
67,SHIBUYA,渋谷,しぶや,35.6586161,139.6993714,true,2025-08-22 14:49:18.439+00,2025-08-22 14:49:18.439+00,TOKYU,Shibuya
68,SHIMOMARUKO,下丸子,しもまるこ,35.571305,139.685618,false,2025-08-22 14:49:18.442+00,2025-08-22 14:49:18.442+00,TOKYU,Shimomaruko
69,SHIMOSHINMEI,下神明,しもしんめい,35.608851,139.726242,false,2025-08-22 14:49:18.445+00,2025-08-22 14:49:18.445+00,TOKYU,Shimo-shimmei
70,SHINMARUKO,新丸子,しんまるこ,35.580626,139.661919,false,2025-08-22 14:49:18.448+00,2025-08-22 14:49:18.448+00,TOKYU,Shin-maruko
71,SHINTAKASHIMA,新高島,しんたかしま,35.461892,139.626823,true,2025-08-22 14:49:18.451+00,2025-08-22 14:49:18.451+00,TOKYU,Shin-takashima
72,SHINTSUNASHIMA,新綱島,しんつなしま,35.580626,139.661919,false,2025-08-22 14:49:18.455+00,2025-08-22 14:49:18.455+00,TOKYU,Shin-tsunashima
73,SHINYOKOHAMA,新横浜,しんよこはま,35.612007,139.638861,true,2025-08-22 14:49:18.458+00,2025-08-22 14:49:18.458+00,TOKYU,Shin-yokohama
74,SUZUKAKEDAI,すずかけ台,すずかけだい,35.516963,139.481467,false,2025-08-22 14:49:18.461+00,2025-08-22 14:49:18.461+00,TOKYU,Suzukakedai
75,TAKATSU,高津,たかつ,35.603548,139.61747,false,2025-08-22 14:49:18.464+00,2025-08-22 14:49:18.464+00,TOKYU,Takatsu
76,TAMAGAWA,多摩川,たまがわ,35.589766,139.668835,true,2025-08-22 14:49:18.467+00,2025-08-22 14:49:18.467+00,TOKYU,Tamagawa
77,TAMAPLAZA,たまプラーザ,たまぷらーざ,35.577427,139.558447,false,2025-08-22 14:49:18.47+00,2025-08-22 14:49:18.47+00,TOKYU,Tama-plaza
78,TANA,田奈,たな,35.536177,139.504835,false,2025-08-22 14:49:18.473+00,2025-08-22 14:49:18.473+00,TOKYU,Tana
79,TANMACHI,反町,たんまち,35.47474,139.625337,false,2025-08-22 14:49:18.477+00,2025-08-22 14:49:18.477+00,TOKYU,Tammachi
80,TODOROKI,等々力,とどろき,35.60833,139.648069,false,2025-08-22 14:49:18.48+00,2025-08-22 14:49:18.48+00,TOKYU,Todoroki
81,TOGOSHIGINZA,戸越銀座,とごしぎんざ,35.616008,139.715032,false,2025-08-22 14:49:18.483+00,2025-08-22 14:49:18.483+00,TOKYU,Togoshi-ginza
82,TOGOSHIKOEN,戸越公園,とごしこうえん,35.608795,139.718056,false,2025-08-22 14:49:18.486+00,2025-08-22 14:49:18.486+00,TOKYU,Togoshi-kōen
83,TORITSUDAIGAKU,都立大学,とりつだいがく,35.617835,139.676393,false,2025-08-22 14:49:18.489+00,2025-08-22 14:49:18.489+00,TOKYU,Toritsu-daigaku
84,TSUKIMINO,つきみ野,つきみの,35.510335,139.458029,false,2025-08-22 14:49:18.493+00,2025-08-22 14:49:18.493+00,TOKYU,Tsukimino
85,TSUKUSHINO,つくし野,つくしの,35.527625,139.48512,false,2025-08-22 14:49:18.496+00,2025-08-22 14:49:18.496+00,TOKYU,Tsukushino
86,TSUNASHIMA,綱島,つなしま,35.536992,139.634996,false,2025-08-22 14:49:18.499+00,2025-08-22 14:49:18.499+00,TOKYU,Tsunashima
87,UNOKI,鵜の木,うのき,35.575519,139.680615,false,2025-08-22 14:49:18.502+00,2025-08-22 14:49:18.502+00,TOKYU,Unoki
88,YAGUCHINOWATASHI,矢口渡,やぐちのわたし,35.562609,139.699925,false,2025-08-22 14:49:18.505+00,2025-08-22 14:49:18.505+00,TOKYU,Yaguchi-no-watashi
89,YOGA,用賀,ようが,35.50670837,139.6168805,false,2025-08-22 14:49:18.507+00,2025-08-22 14:49:18.507+00,TOKYU,Yōga
90,YOKOHAMA,横浜,よこはま,35.466188,139.622715,false,2025-08-22 14:49:18.51+00,2025-08-22 14:49:18.51+00,TOKYU,Yokohama
91,YUKIGAYAOTSUKA,雪が谷大塚,ゆきがやおおつか,35.592002,139.680978,false,2025-08-22 14:49:18.513+00,2025-08-22 14:49:18.513+00,TOKYU,Yukigaya-ōtsuka
92,YUTENJI,祐天寺,ゆうてんじ,35.637696,139.691155,true,2025-08-22 14:49:18.516+00,2025-08-22 14:49:18.516+00,TOKYU,Yūtenji
93,DUMMY_STATION,ダミーステーション,だみーすてーしょん,35,139,false,2025-08-22 14:49:18.519+00,2025-08-22 14:49:18.519+00,DUMMY,DUMMY_STATION
94,DUMMY_NEARBY_STATION,ダミー近隣駅,だみーきんりんえき,35,139,false,2025-08-22 14:49:18.522+00,2025-08-22 14:49:18.522+00,DUMMY,DUMMY_NEARBY_STATION
279,TOKYU_V2_AOBADAI,青葉台,あおばだい,35.542955,139.517182,false,2025-09-17 11:13:06.738+00,2025-09-17 11:13:06.738+00,TOKYU_V2,AOBADAI
280,TOKYU_V2_AZAMINO,あざみ野,あざみの,35.568717,139.553556,true,2025-09-17 11:13:06.738+00,2025-09-17 11:13:06.738+00,TOKYU_V2,AZAMINO
281,TOKYU_V2_BASHAMICHI,馬車道,ばしゃみち,35.450135,139.636175,true,2025-09-17 11:13:06.738+00,2025-09-17 11:13:06.738+00,TOKYU_V2,BASHAMICHI
282,TOKYU_V2_CHIDORICHO,千鳥町,ちどりちょう,35.57293,139.691459,false,2025-09-17 11:13:06.738+00,2025-09-17 11:13:06.738+00,TOKYU_V2,CHIDORICHO
283,TOKYU_V2_CHUORINKAN,中央林間,ちゅうおうりんかん,35.50788411,139.4441171,true,2025-09-17 11:13:06.738+00,2025-09-17 11:13:06.738+00,TOKYU_V2,CHUORINKAN
284,TOKYU_V2_DAIKANYAMA,代官山,だいかんやま,35.648104,139.703168,false,2025-09-17 11:13:06.738+00,2025-09-17 11:13:06.738+00,TOKYU_V2,DAIKANYAMA
285,TOKYU_V2_DENENCHOFU,田園調布,でんえんちょうふ,35.603844,139.6723,false,2025-09-17 11:13:06.738+00,2025-09-17 11:13:06.738+00,TOKYU_V2,DENENCHOFU
286,TOKYU_V2_EBARAMACHI,荏原町,えばらまち,35.603782,139.70781,false,2025-09-17 11:13:06.738+00,2025-09-17 11:13:06.738+00,TOKYU_V2,EBARAMACHI
287,TOKYU_V2_EBARANAKANOBU,荏原中延,えばらなかのぶ,35.609953,139.711954,false,2025-09-17 11:13:06.738+00,2025-09-17 11:13:06.738+00,TOKYU_V2,EBARANAKANOBU
288,TOKYU_V2_EDA,江田,えだ,35.558646,139.551509,false,2025-09-17 11:13:06.738+00,2025-09-17 11:13:06.738+00,TOKYU_V2,EDA
289,TOKYU_V2_FUDOMAE,不動前,ふどうまえ,35.625679,139.713406,false,2025-09-17 11:13:06.738+00,2025-09-17 11:13:06.738+00,TOKYU_V2,FUDOMAE
290,TOKYU_V2_FUJIGAOKA,藤が丘,ふじがおか,35.543595,139.527873,false,2025-09-17 11:13:06.738+00,2025-09-17 11:13:06.738+00,TOKYU_V2,FUJIGAOKA
291,TOKYU_V2_FUTAKOSHINCHI,二子新地,ふたこしんち,35.607125,139.622399,false,2025-09-17 11:13:06.738+00,2025-09-17 11:13:06.738+00,TOKYU_V2,FUTAKOSHINCHI
292,TOKYU_V2_FUTAKOTAMAGAWA,二子玉川,ふたこたまがわ,35.611499,139.626624,true,2025-09-17 11:13:06.738+00,2025-09-17 11:13:06.738+00,TOKYU_V2,FUTAKOTAMAGAWA
293,TOKYU_V2_GAKUGEIDAIGAKU,学芸大学,がくげいだいがく,35.628845,139.685284,true,2025-09-17 11:13:06.738+00,2025-09-17 11:13:06.738+00,TOKYU_V2,GAKUGEIDAIGAKU
294,TOKYU_V2_GOTANDA,五反田,ごたんだ,35.626446,139.723444,true,2025-09-17 11:13:06.738+00,2025-09-17 11:13:06.738+00,TOKYU_V2,GOTANDA
295,TOKYU_V2_HAKURAKU,白楽,はくらく,35.489697,139.627892,true,2025-09-17 11:13:06.738+00,2025-09-17 11:13:06.738+00,TOKYU_V2,HAKURAKU
296,TOKYU_V2_HASUNUMA,蓮沼,はすぬま,35.50670837,139.6168805,false,2025-09-17 11:13:06.738+00,2025-09-17 11:13:06.738+00,TOKYU_V2,HASUNUMA
297,TOKYU_V2_HATANODAI,旗の台,はたのだい,35.604848,139.702497,false,2025-09-17 11:13:06.738+00,2025-09-17 11:13:06.738+00,TOKYU_V2,HATANODAI
298,TOKYU_V2_HIGASHIHAKURAKU,東白楽,ひがしはくらく,35.483425,139.629361,false,2025-09-17 11:13:06.738+00,2025-09-17 11:13:06.738+00,TOKYU_V2,HIGASHIHAKURAKU
299,TOKYU_V2_HIYOSHI,日吉,ひよし,35.553064,139.646783,false,2025-09-17 11:13:06.738+00,2025-09-17 11:13:06.738+00,TOKYU_V2,HIYOSHI
300,TOKYU_V2_ICHIGAO,市が尾,いちがお,35.551477,139.541388,false,2025-09-17 11:13:06.738+00,2025-09-17 11:13:06.738+00,TOKYU_V2,ICHIGAO
301,TOKYU_V2_IKEGAMI,池上,いけがみ,35.572097,139.702885,true,2025-09-17 11:13:06.738+00,2025-09-17 11:13:06.738+00,TOKYU_V2,IKEGAMI
302,TOKYU_V2_IKEJIRIOHASHI,池尻大橋,いけじりおおはし,35.650603,139.684319,false,2025-09-17 11:13:06.738+00,2025-09-17 11:13:06.738+00,TOKYU_V2,IKEJIRIOHASHI
303,TOKYU_V2_ISHIKAWADAI,石川台,いしかわだい,35.596943,139.685257,false,2025-09-17 11:13:06.738+00,2025-09-17 11:13:06.738+00,TOKYU_V2,ISHIKAWADAI
304,TOKYU_V2_JIYUGAOKA,自由が丘,じゆうがおか,35.607577,139.669094,false,2025-09-17 11:13:06.738+00,2025-09-17 11:13:06.738+00,TOKYU_V2,JIYUGAOKA
305,TOKYU_V2_KAJIGAYA,梶が谷,かじがや,35.594102,139.606008,false,2025-09-17 11:13:06.738+00,2025-09-17 11:13:06.738+00,TOKYU_V2,KAJIGAYA
306,TOKYU_V2_KAMATA,蒲田,かまた,35.562479,139.716051,true,2025-09-17 11:13:06.738+00,2025-09-17 11:13:06.738+00,TOKYU_V2,KAMATA
307,TOKYU_V2_KAMINOGE,上野毛,かみのげ,35.612007,139.638861,false,2025-09-17 11:13:06.738+00,2025-09-17 11:13:06.738+00,TOKYU_V2,KAMINOGE
308,TOKYU_V2_KIKUNA,菊名,きくな,35.50963984,139.630734,false,2025-09-17 11:13:06.738+00,2025-09-17 11:13:06.738+00,TOKYU_V2,KIKUNA
309,TOKYU_V2_KITASENZOKU,北千束,きたせんぞく,35.60632,139.693214,false,2025-09-17 11:13:06.738+00,2025-09-17 11:13:06.738+00,TOKYU_V2,KITASENZOKU
310,TOKYU_V2_KOMAZAWADAIGAKU,駒沢大学,こまざわだいがく,35.633471,139.661702,false,2025-09-17 11:13:06.738+00,2025-09-17 11:13:06.738+00,TOKYU_V2,KOMAZAWADAIGAKU
311,TOKYU_V2_KUGAHARA,久が原,くがはら,35.57984,139.685345,false,2025-09-17 11:13:06.738+00,2025-09-17 11:13:06.738+00,TOKYU_V2,KUGAHARA
312,TOKYU_V2_KUHONBUTSU,九品仏,くほんぶつ,35.605411,139.661023,false,2025-09-17 11:13:06.738+00,2025-09-17 11:13:06.738+00,TOKYU_V2,KUHONBUTSU
313,TOKYU_V2_MEGURO,目黒,めぐろ,35.633998,139.715828,true,2025-09-17 11:13:06.738+00,2025-09-17 11:13:06.738+00,TOKYU_V2,MEGURO
314,TOKYU_V2_MIDORIGAOKA,緑が丘,みどりがおか,35.50670837,139.6168805,false,2025-09-17 11:13:06.738+00,2025-09-17 11:13:06.738+00,TOKYU_V2,MIDORIGAOKA
315,TOKYU_V2_MINAMIMACHIDAGRANBERRYPARK,南町田グランベリーパーク,みなみまちだぐらんべりーぱーく,35.511502,139.470318,true,2025-09-17 11:13:06.738+00,2025-09-17 11:13:06.738+00,TOKYU_V2,MINAMIMACHIDAGRANBERRYPARK
316,TOKYU_V2_MINATOMIRAI,みなとみらい,みなとみらい,35.457917,139.632314,false,2025-09-17 11:13:06.738+00,2025-09-17 11:13:06.738+00,TOKYU_V2,MINATOMIRAI
317,TOKYU_V2_MIYAMAEDAIRA,宮前平,みやまえだいら,35.584945,139.581919,false,2025-09-17 11:13:06.738+00,2025-09-17 11:13:06.738+00,TOKYU_V2,MIYAMAEDAIRA
318,TOKYU_V2_MIYAZAKIDAI,宮崎台,みやざきだい,35.587325,139.591349,false,2025-09-17 11:13:06.738+00,2025-09-17 11:13:06.738+00,TOKYU_V2,MIYAZAKIDAI
319,TOKYU_V2_MIZONOKUCHI,溝の口,みぞのくち,35.600032,139.610626,true,2025-09-17 11:13:06.738+00,2025-09-17 11:13:06.738+00,TOKYU_V2,MIZONOKUCHI
320,TOKYU_V2_MOTOMACHICHUKAGAI,元町・中華街,もとまちちゅうかがい,35.442411,139.650472,true,2025-09-17 11:13:06.738+00,2025-09-17 11:13:06.738+00,TOKYU_V2,MOTOMACHICHUKAGAI
321,TOKYU_V2_MOTOSUMIYOSHI,元住吉,もとすみよし,35.56432,139.654046,true,2025-09-17 11:13:06.738+00,2025-09-17 11:13:06.738+00,TOKYU_V2,MOTOSUMIYOSHI
322,TOKYU_V2_MUSASHIKOSUGI,武蔵小杉,むさしこすぎ,35.57657493,139.6594451,true,2025-09-17 11:13:06.738+00,2025-09-17 11:13:06.738+00,TOKYU_V2,MUSASHIKOSUGI
323,TOKYU_V2_MUSASHIKOYAMA,武蔵小山,むさしこやま,35.620507,139.704413,false,2025-09-17 11:13:06.738+00,2025-09-17 11:13:06.738+00,TOKYU_V2,MUSASHIKOYAMA
324,TOKYU_V2_MUSASHINITTA,武蔵新田,むさしにった,35.567711,139.692579,false,2025-09-17 11:13:06.738+00,2025-09-17 11:13:06.738+00,TOKYU_V2,MUSASHINITTA
325,TOKYU_V2_MYORENJI,妙蓮寺,みょうれんじ,35.498474,139.633139,false,2025-09-17 11:13:06.738+00,2025-09-17 11:13:06.738+00,TOKYU_V2,MYORENJI
326,TOKYU_V2_NAGAHARA,長原,ながはら,35.602237,139.697903,false,2025-09-17 11:13:06.738+00,2025-09-17 11:13:06.738+00,TOKYU_V2,NAGAHARA
327,TOKYU_V2_NAGATSUTA,長津田,ながつた,35.53168368,139.4952627,true,2025-09-17 11:13:06.738+00,2025-09-17 11:13:06.738+00,TOKYU_V2,NAGATSUTA
328,TOKYU_V2_NAKAMEGURO,中目黒,なかめぐろ,35.644307,139.699157,true,2025-09-17 11:13:06.738+00,2025-09-17 11:13:06.738+00,TOKYU_V2,NAKAMEGURO
329,TOKYU_V2_NAKANOBU,中延,なかのぶ,35.605479,139.713679,false,2025-09-17 11:13:06.738+00,2025-09-17 11:13:06.738+00,TOKYU_V2,NAKANOBU
330,TOKYU_V2_NIHONODORI,日本大通り,にほんおおどおり,35.446821,139.642608,false,2025-09-17 11:13:06.738+00,2025-09-17 11:13:06.738+00,TOKYU_V2,NIHONODORI
331,TOKYU_V2_NISHIKOYAMA,西小山,にしこやま,35.615685,139.698866,false,2025-09-17 11:13:06.738+00,2025-09-17 11:13:06.738+00,TOKYU_V2,NISHIKOYAMA
332,TOKYU_V2_NUMABE,沼部,ぬまべ,35.582506,139.673249,false,2025-09-17 11:13:06.738+00,2025-09-17 11:13:06.738+00,TOKYU_V2,NUMABE
333,TOKYU_V2_OIMACHI,大井町,おおいまち,35.606249,139.734855,true,2025-09-17 11:13:06.738+00,2025-09-17 11:13:06.738+00,TOKYU_V2,OIMACHI
334,TOKYU_V2_OKURAYAMA,大倉山,おおくらやま,35.522019,139.629916,false,2025-09-17 11:13:06.738+00,2025-09-17 11:13:06.738+00,TOKYU_V2,OKURAYAMA
335,TOKYU_V2_OKUSAWA,奥沢,おくさわ,35.59689,139.66732,false,2025-09-17 11:13:06.738+00,2025-09-17 11:13:06.738+00,TOKYU_V2,OKUSAWA
336,TOKYU_V2_ONTAKESAN,御嶽山,おんたけさん,35.585303,139.682367,false,2025-09-17 11:13:06.738+00,2025-09-17 11:13:06.738+00,TOKYU_V2,ONTAKESAN
337,TOKYU_V2_OOKAYAMA,大岡山,おおおかやま,35.607531,139.685637,false,2025-09-17 11:13:06.738+00,2025-09-17 11:13:06.738+00,TOKYU_V2,OOKAYAMA
338,TOKYU_V2_OSAKIHIROKOJI,大崎広小路,おおさきひろこうじ,35.622469,139.722486,false,2025-09-17 11:13:06.738+00,2025-09-17 11:13:06.738+00,TOKYU_V2,OSAKIHIROKOJI
339,TOKYU_V2_OYAMADAI,尾山台,おやまだい,35.606891,139.654051,false,2025-09-17 11:13:06.738+00,2025-09-17 11:13:06.738+00,TOKYU_V2,OYAMADAI
340,TOKYU_V2_SAGINUMA,鷺沼,さぎぬま,35.579579,139.573018,false,2025-09-17 11:13:06.738+00,2025-09-17 11:13:06.738+00,TOKYU_V2,SAGINUMA
341,TOKYU_V2_SAKURASHINMACHI,桜新町,さくらしんまち,35.631666,139.644779,false,2025-09-17 11:13:06.738+00,2025-09-17 11:13:06.738+00,TOKYU_V2,SAKURASHINMACHI
342,TOKYU_V2_SANGENJAYA,三軒茶屋,さんげんぢゃや,35.643515,139.671162,true,2025-09-17 11:13:06.738+00,2025-09-17 11:13:06.738+00,TOKYU_V2,SANGENJAYA
343,TOKYU_V2_SENZOKU,洗足,せんぞく,35.61043,139.694367,false,2025-09-17 11:13:06.738+00,2025-09-17 11:13:06.738+00,TOKYU_V2,SENZOKU
344,TOKYU_V2_SENZOKUIKE,洗足池,せんぞくいけ,35.599796,139.691098,true,2025-09-17 11:13:06.738+00,2025-09-17 11:13:06.738+00,TOKYU_V2,SENZOKUIKE
345,TOKYU_V2_SHIBUYA,渋谷,しぶや,35.6586161,139.6993714,true,2025-09-17 11:13:06.738+00,2025-09-17 11:13:06.738+00,TOKYU_V2,SHIBUYA
346,TOKYU_V2_SHIMOMARUKO,下丸子,しもまるこ,35.571305,139.685618,false,2025-09-17 11:13:06.738+00,2025-09-17 11:13:06.738+00,TOKYU_V2,SHIMOMARUKO
347,TOKYU_V2_SHIMOSHINMEI,下神明,しもしんめい,35.608851,139.726242,false,2025-09-17 11:13:06.738+00,2025-09-17 11:13:06.738+00,TOKYU_V2,SHIMOSHINMEI
348,TOKYU_V2_SHINMARUKO,新丸子,しんまるこ,35.580626,139.661919,false,2025-09-17 11:13:06.738+00,2025-09-17 11:13:06.738+00,TOKYU_V2,SHINMARUKO
349,TOKYU_V2_SHINTAKASHIMA,新高島,しんたかしま,35.461892,139.626823,true,2025-09-17 11:13:06.738+00,2025-09-17 11:13:06.738+00,TOKYU_V2,SHINTAKASHIMA
350,TOKYU_V2_SHINTSUNASHIMA,新綱島,しんつなしま,35.580626,139.661919,false,2025-09-17 11:13:06.738+00,2025-09-17 11:13:06.738+00,TOKYU_V2,SHINTSUNASHIMA
351,TOKYU_V2_SHINYOKOHAMA,新横浜,しんよこはま,35.612007,139.638861,true,2025-09-17 11:13:06.738+00,2025-09-17 11:13:06.738+00,TOKYU_V2,SHINYOKOHAMA
352,TOKYU_V2_SUZUKAKEDAI,すずかけ台,すずかけだい,35.516963,139.481467,false,2025-09-17 11:13:06.738+00,2025-09-17 11:13:06.738+00,TOKYU_V2,SUZUKAKEDAI
353,TOKYU_V2_TAKATSU,高津,たかつ,35.603548,139.61747,false,2025-09-17 11:13:06.738+00,2025-09-17 11:13:06.738+00,TOKYU_V2,TAKATSU
354,TOKYU_V2_TAMAGAWA,多摩川,たまがわ,35.589766,139.668835,false,2025-09-17 11:13:06.738+00,2025-09-17 11:13:06.738+00,TOKYU_V2,TAMAGAWA
355,TOKYU_V2_TAMAPLAZA,たまプラーザ,たまぷらーざ,35.577427,139.558447,false,2025-09-17 11:13:06.738+00,2025-09-17 11:13:06.738+00,TOKYU_V2,TAMAPLAZA
356,TOKYU_V2_TANA,田奈,たな,35.536177,139.504835,false,2025-09-17 11:13:06.738+00,2025-09-17 11:13:06.738+00,TOKYU_V2,TANA
357,TOKYU_V2_TANMACHI,反町,たんまち,35.47474,139.625337,false,2025-09-17 11:13:06.738+00,2025-09-17 11:13:06.738+00,TOKYU_V2,TANMACHI
358,TOKYU_V2_TODOROKI,等々力,とどろき,35.60833,139.648069,false,2025-09-17 11:13:06.738+00,2025-09-17 11:13:06.738+00,TOKYU_V2,TODOROKI
359,TOKYU_V2_TOGOSHIGINZA,戸越銀座,とごしぎんざ,35.616008,139.715032,true,2025-09-17 11:13:06.738+00,2025-09-17 11:13:06.738+00,TOKYU_V2,TOGOSHIGINZA
360,TOKYU_V2_TOGOSHIKOEN,戸越公園,とごしこうえん,35.608795,139.718056,false,2025-09-17 11:13:06.738+00,2025-09-17 11:13:06.738+00,TOKYU_V2,TOGOSHIKOEN
361,TOKYU_V2_TORITSUDAIGAKU,都立大学,とりつだいがく,35.617835,139.676393,true,2025-09-17 11:13:06.738+00,2025-09-17 11:13:06.738+00,TOKYU_V2,TORITSUDAIGAKU
362,TOKYU_V2_TSUKIMINO,つきみ野,つきみの,35.510335,139.458029,false,2025-09-17 11:13:06.738+00,2025-09-17 11:13:06.738+00,TOKYU_V2,TSUKIMINO
363,TOKYU_V2_TSUKUSHINO,つくし野,つくしの,35.527625,139.48512,false,2025-09-17 11:13:06.738+00,2025-09-17 11:13:06.738+00,TOKYU_V2,TSUKUSHINO
364,TOKYU_V2_TSUNASHIMA,綱島,つなしま,35.536992,139.634996,false,2025-09-17 11:13:06.738+00,2025-09-17 11:13:06.738+00,TOKYU_V2,TSUNASHIMA
365,TOKYU_V2_UNOKI,鵜の木,うのき,35.575519,139.680615,false,2025-09-17 11:13:06.738+00,2025-09-17 11:13:06.738+00,TOKYU_V2,UNOKI
366,TOKYU_V2_YAGUCHINOWATASHI,矢口渡,やぐちのわたし,35.562609,139.699925,false,2025-09-17 11:13:06.738+00,2025-09-17 11:13:06.738+00,TOKYU_V2,YAGUCHINOWATASHI
367,TOKYU_V2_YOGA,用賀,ようが,35.50670837,139.6168805,false,2025-09-17 11:13:06.738+00,2025-09-17 11:13:06.738+00,TOKYU_V2,YOGA
368,TOKYU_V2_YOKOHAMA,横浜,よこはま,35.466188,139.622715,false,2025-09-17 11:13:06.738+00,2025-09-17 11:13:06.738+00,TOKYU_V2,YOKOHAMA
369,TOKYU_V2_YUKIGAYAOTSUKA,雪が谷大塚,ゆきがやおおつか,35.592002,139.680978,false,2025-09-17 11:13:06.738+00,2025-09-17 11:13:06.738+00,TOKYU_V2,YUKIGAYAOTSUKA
370,TOKYU_V2_YUTENJI,祐天寺,ゆうてんじ,35.637696,139.691155,false,2025-09-17 11:13:06.738+00,2025-09-17 11:13:06.738+00,TOKYU_V2,YUTENJI
371,METRO_V1_AOYAMA-ITCHOME,青山一丁目,あおやまいっちょうめ,35.67276462,139.7239043,FALSE,2026-03-11 23:42:48.426,2026-03-11 23:42:48.426,METRO_V1,Aoyama-itchome
372,METRO_V1_AKASAKA,赤坂,あかさか,35.672371,139.736539,FALSE,2026-03-11 23:42:48.426,2026-03-11 23:42:48.426,METRO_V1,Akasaka
373,METRO_V1_AKASAKA-MITSUKE,赤坂見附,あかさかみつけ,35.677021,139.737047,FALSE,2026-03-11 23:42:48.426,2026-03-11 23:42:48.426,METRO_V1,Akasaka-mitsuke
374,METRO_V1_AKABANE-IWABUCHI,赤羽岩淵,あかばねいわぶち,35.783417,139.722103,FALSE,2026-03-11 23:42:48.426,2026-03-11 23:42:48.426,METRO_V1,Akabane-iwabuchi
375,METRO_V1_AKABANEBASHI,赤羽橋,あかばねばし,35.655007,139.743642,FALSE,2026-03-11 23:42:48.426,2026-03-11 23:42:48.426,METRO_V1,Akabanebashi
376,METRO_V1_AKIHABARA,秋葉原,あきはばら,35.698683,139.774219,FALSE,2026-03-11 23:42:48.426,2026-03-11 23:42:48.426,METRO_V1,Akihabara
377,METRO_V1_AKEBONOBASHI,曙橋,あけぼのばし,35.6923758,139.7226303,FALSE,2026-03-11 23:42:48.426,2026-03-11 23:42:48.426,METRO_V1,Akebonobashi
378,METRO_V1_ASAKUSA,浅草,あさくさ,35.712074,139.79843,FALSE,2026-03-11 23:42:48.426,2026-03-11 23:42:48.426,METRO_V1,Asakusa
379,METRO_V1_ASAKUSABASHI,浅草橋,あさくさばし,35.69745239,139.7863697,FALSE,2026-03-11 23:42:48.426,2026-03-11 23:42:48.426,METRO_V1,Asakusabashi
380,METRO_V1_AZABU-JUBAN,麻布十番,あざぶじゅうばん,35.65639015,139.7365049,FALSE,2026-03-11 23:42:48.426,2026-03-11 23:42:48.426,METRO_V1,Azabu-juban
381,METRO_V1_AYASE,綾瀬,あやせ,35.762214,139.824914,FALSE,2026-03-11 23:42:48.426,2026-03-11 23:42:48.426,METRO_V1,Ayase
382,METRO_V1_AWAJICHO,淡路町,あわじちょう,35.6953595,139.7675149,FALSE,2026-03-11 23:42:48.426,2026-03-11 23:42:48.426,METRO_V1,Awajicho
383,METRO_V1_IIDABASHI,飯田橋,いいだばし,35.702065,139.745015,FALSE,2026-03-11 23:42:48.426,2026-03-11 23:42:48.426,METRO_V1,Iidabashi
384,METRO_V1_IKEBUKURO,池袋,いけぶくろ,35.728926,139.71038,FALSE,2026-03-11 23:42:48.426,2026-03-11 23:42:48.426,METRO_V1,Ikebukuro
385,METRO_V1_ITABASHI-KUYAKUSHOMAE,板橋区役所前,いたばしくやくしょまえ,35.751326,139.710166,FALSE,2026-03-11 23:42:48.426,2026-03-11 23:42:48.426,METRO_V1,Itabashi-kuyakushomae
386,METRO_V1_ITABASHIHONCHO,板橋本町,いたばしほんちょう,35.761339,139.705535,FALSE,2026-03-11 23:42:48.426,2026-03-11 23:42:48.426,METRO_V1,Itabashihoncho
387,METRO_V1_ICHIGAYA,市ケ谷,いちがや,35.69121073,139.7364902,FALSE,2026-03-11 23:42:48.426,2026-03-11 23:42:48.426,METRO_V1,Ichigaya
388,METRO_V1_ICHINOE,一之江,いちのえ,35.686055,139.882934,FALSE,2026-03-11 23:42:48.426,2026-03-11 23:42:48.426,METRO_V1,Ichinoe
389,METRO_V1_INARICHO,稲荷町,いなりちょう,35.711352,139.782734,FALSE,2026-03-11 23:42:48.426,2026-03-11 23:42:48.426,METRO_V1,Inaricho
390,METRO_V1_IRIYA,入谷,いりや,35.720734,139.784542,FALSE,2026-03-11 23:42:48.426,2026-03-11 23:42:48.426,METRO_V1,Iriya
391,METRO_V1_IWAMOTOCHO,岩本町,いわもとちょう,35.69557039,139.7751319,FALSE,2026-03-11 23:42:48.426,2026-03-11 23:42:48.426,METRO_V1,Iwamotocho
392,METRO_V1_UENO,上野,うえの,35.713768,139.777254,FALSE,2026-03-11 23:42:48.426,2026-03-11 23:42:48.426,METRO_V1,Ueno
393,METRO_V1_UENO-OKACHIMACHI,上野御徒町,うえのおかちまち,35.70796362,139.7733663,FALSE,2026-03-11 23:42:48.426,2026-03-11 23:42:48.426,METRO_V1,Ueno-okachimachi
394,METRO_V1_UENO-HIROKOJI,上野広小路,うえのひろこうじ,35.70766,139.772977,FALSE,2026-03-11 23:42:48.426,2026-03-11 23:42:48.426,METRO_V1,Ueno-hirokoji
395,METRO_V1_USHIGOME-KAGURAZAKA,牛込神楽坂,うしごめかぐらざか,35.700851,139.735802,FALSE,2026-03-11 23:42:48.426,2026-03-11 23:42:48.426,METRO_V1,Ushigome-kagurazaka
396,METRO_V1_USHIGOME-YANAGICHO,牛込柳町,うしごめやなぎちょう,35.699518,139.725027,FALSE,2026-03-11 23:42:48.426,2026-03-11 23:42:48.426,METRO_V1,Ushigome-yanagicho
397,METRO_V1_UCHISAIWAICHO,内幸町,うちさいわいちょう,35.66975,139.75561,FALSE,2026-03-11 23:42:48.426,2026-03-11 23:42:48.426,METRO_V1,Uchisaiwaicho
398,METRO_V1_URAYASU,浦安,うらやす,35.665743,139.892937,FALSE,2026-03-11 23:42:48.426,2026-03-11 23:42:48.426,METRO_V1,Urayasu
399,METRO_V1_EDOGAWABASHI,江戸川橋,えどがわばし,35.709495,139.733538,FALSE,2026-03-11 23:42:48.426,2026-03-11 23:42:48.426,METRO_V1,Edogawabashi
400,METRO_V1_EBISU,恵比寿,えびす,35.64669,139.710106,FALSE,2026-03-11 23:42:48.426,2026-03-11 23:42:48.426,METRO_V1,Ebisu
401,METRO_V1_OJI,王子,おうじ,35.752474,139.738139,FALSE,2026-03-11 23:42:48.426,2026-03-11 23:42:48.426,METRO_V1,Oji
402,METRO_V1_OJI-KAMIYA,王子神谷,おうじかみや,35.765172,139.735933,FALSE,2026-03-11 23:42:48.426,2026-03-11 23:42:48.426,METRO_V1,Oji-kamiya
403,METRO_V1_OJIMA,大島,おおじま,35.689905,139.83565,FALSE,2026-03-11 23:42:48.426,2026-03-11 23:42:48.426,METRO_V1,Ojima
404,METRO_V1_OTEMACHI,大手町,おおてまち,35.684801,139.766086,FALSE,2026-03-11 23:42:48.426,2026-03-11 23:42:48.426,METRO_V1,Otemachi
405,METRO_V1_OGAWAMACHI,小川町,おがわまち,35.695056,139.766667,FALSE,2026-03-11 23:42:48.426,2026-03-11 23:42:48.426,METRO_V1,Ogawamachi
406,METRO_V1_OGIKUBO,荻窪,おぎくぼ,35.704632,139.619981,FALSE,2026-03-11 23:42:48.426,2026-03-11 23:42:48.426,METRO_V1,Ogikubo
407,METRO_V1_OSHIAGE,押上〈スカイツリー前〉,おしあげ〈すかいつりーまえ〉,35.710702,139.812935,FALSE,2026-03-11 23:42:48.426,2026-03-11 23:42:48.426,METRO_V1,Oshiage〈SKYTREE〉
408,METRO_V1_OCHIAI,落合,おちあい,35.71074,139.686337,FALSE,2026-03-11 23:42:48.426,2026-03-11 23:42:48.426,METRO_V1,Ochiai
409,METRO_V1_OCHIAI-MINAMI-NAGASAKI,落合南長崎,おちあいみなみながさき,35.723608,139.683303,FALSE,2026-03-11 23:42:48.426,2026-03-11 23:42:48.426,METRO_V1,Ochiai-minami-nagasaki
410,METRO_V1_OCHANOMIZU,御茶ノ水,おちゃのみず,35.699855,139.763786,FALSE,2026-03-11 23:42:48.426,2026-03-11 23:42:48.426,METRO_V1,Ochanomizu
411,METRO_V1_ONARIMON,御成門,おなりもん,35.66047505,139.7512023,FALSE,2026-03-11 23:42:48.426,2026-03-11 23:42:48.426,METRO_V1,Onarimon
412,METRO_V1_OMOTE-SANDO,表参道,おもてさんどう,35.665247,139.712314,FALSE,2026-03-11 23:42:48.426,2026-03-11 23:42:48.426,METRO_V1,Omote-sando
413,METRO_V1_GAIEMMAE,外苑前,がいえんまえ,35.670527,139.717857,FALSE,2026-03-11 23:42:48.426,2026-03-11 23:42:48.426,METRO_V1,Gaiemmae
414,METRO_V1_KAGURAZAKA,神楽坂,かぐらざか,35.703904,139.734238,FALSE,2026-03-11 23:42:48.426,2026-03-11 23:42:48.426,METRO_V1,Kagurazaka
415,METRO_V1_KASAI,葛西,かさい,35.663523,139.872694,FALSE,2026-03-11 23:42:48.426,2026-03-11 23:42:48.426,METRO_V1,Kasai
416,METRO_V1_KASUGA,春日,かすが,35.70982923,139.7531854,FALSE,2026-03-11 23:42:48.426,2026-03-11 23:42:48.426,METRO_V1,Kasuga
417,METRO_V1_KASUMIGASEKI,霞ケ関,かすみがせき,35.673838,139.750899,FALSE,2026-03-11 23:42:48.426,2026-03-11 23:42:48.426,METRO_V1,Kasumigaseki
418,METRO_V1_KACHIDOKI,勝どき,かちどき,35.65895602,139.7771088,FALSE,2026-03-11 23:42:48.426,2026-03-11 23:42:48.426,METRO_V1,Kachidoki
419,METRO_V1_KANAMECHO,要町,かなめちょう,35.73323,139.698715,FALSE,2026-03-11 23:42:48.426,2026-03-11 23:42:48.426,METRO_V1,Kanamecho
420,METRO_V1_KAMIYACHO,神谷町,かみやちょう,35.662978,139.745069,FALSE,2026-03-11 23:42:48.426,2026-03-11 23:42:48.426,METRO_V1,Kamiyacho
421,METRO_V1_KAYABACHO,茅場町,かやばちょう,35.679752,139.780005,FALSE,2026-03-11 23:42:48.426,2026-03-11 23:42:48.426,METRO_V1,Kayabacho
422,METRO_V1_KANDA,神田,かんだ,35.69169,139.770883,FALSE,2026-03-11 23:42:48.426,2026-03-11 23:42:48.426,METRO_V1,Kanda
423,METRO_V1_KIKUKAWA,菊川,きくかわ,35.688379,139.806016,FALSE,2026-03-11 23:42:48.426,2026-03-11 23:42:48.426,METRO_V1,Kikukawa
424,METRO_V1_KITA-AYASE,北綾瀬,きたあやせ,35.7770135,139.8321012,FALSE,2026-03-11 23:42:48.426,2026-03-11 23:42:48.426,METRO_V1,Kita-ayase
425,METRO_V1_KITA-SANDO,北参道,きたさんどう,35.678156,139.705678,FALSE,2026-03-11 23:42:48.426,2026-03-11 23:42:48.426,METRO_V1,Kita-sando
426,METRO_V1_KITA-SENJU,北千住,きたせんじゅ,35.749412,139.805108,FALSE,2026-03-11 23:42:48.426,2026-03-11 23:42:48.426,METRO_V1,Kita-senju
427,METRO_V1_KIBA,木場,きば,35.669457,139.806528,FALSE,2026-03-11 23:42:48.426,2026-03-11 23:42:48.426,METRO_V1,Kiba
428,METRO_V1_GYOTOKU,行徳,ぎょうとく,35.682558,139.914235,FALSE,2026-03-11 23:42:48.426,2026-03-11 23:42:48.426,METRO_V1,Gyotoku
429,METRO_V1_KYOBASHI,京橋,きょうばし,35.67685,139.7701,FALSE,2026-03-11 23:42:48.426,2026-03-11 23:42:48.426,METRO_V1,Kyobashi
430,METRO_V1_KIYOSUMI-SHIRAKAWA,清澄白河,きよすみしらかわ,35.682105,139.798851,FALSE,2026-03-11 23:42:48.426,2026-03-11 23:42:48.426,METRO_V1,Kiyosumi-shirakawa
431,METRO_V1_GINZA,銀座,ぎんざ,35.671989,139.763965,FALSE,2026-03-11 23:42:48.426,2026-03-11 23:42:48.426,METRO_V1,Ginza
432,METRO_V1_GINZA-ITCHOME,銀座一丁目,ぎんざいっちょうめ,35.67435,139.767045,FALSE,2026-03-11 23:42:48.426,2026-03-11 23:42:48.426,METRO_V1,Ginza-itchome
433,METRO_V1_KINSHICHO,錦糸町,きんしちょう,35.696437,139.813949,FALSE,2026-03-11 23:42:48.426,2026-03-11 23:42:48.426,METRO_V1,Kinshicho
434,METRO_V1_KUDANSHITA,九段下,くだんした,35.69543188,139.7511257,FALSE,2026-03-11 23:42:48.426,2026-03-11 23:42:48.426,METRO_V1,Kudanshita
435,METRO_V1_KURAMAE,蔵前,くらまえ,35.70546256,139.7925091,FALSE,2026-03-11 23:42:48.426,2026-03-11 23:42:48.426,METRO_V1,Kuramae
436,METRO_V1_KOJIMACHI,麴町,こうじまち,35.684006,139.737613,FALSE,2026-03-11 23:42:48.426,2026-03-11 23:42:48.426,METRO_V1,Kojimachi
437,METRO_V1_KORAKUEN,後楽園,こうらくえん,35.707337,139.7512,FALSE,2026-03-11 23:42:48.426,2026-03-11 23:42:48.426,METRO_V1,Korakuen
438,METRO_V1_KOKURITSU-KYOGIJO,国立競技場,こくりつきょうぎじょう,35.68016223,139.713749,FALSE,2026-03-11 23:42:48.426,2026-03-11 23:42:48.426,METRO_V1,Kokuritsu-kyogijo
439,METRO_V1_GOKOKUJI,護国寺,ごこくじ,35.719044,139.72754,FALSE,2026-03-11 23:42:48.426,2026-03-11 23:42:48.426,METRO_V1,Gokokuji
440,METRO_V1_KOTAKE-MUKAIHARA,小竹向原,こたけむかいはら,35.743803,139.678572,FALSE,2026-03-11 23:42:48.426,2026-03-11 23:42:48.426,METRO_V1,Kotake-mukaihara
441,METRO_V1_GOTANDA,五反田,ごたんだ,35.626446,139.723444,FALSE,2026-03-11 23:42:48.426,2026-03-11 23:42:48.426,METRO_V1,Gotanda
442,METRO_V1_KOKKAI-GIJIDOMAE,国会議事堂前,こっかいぎじどうまえ,35.67393,139.745219,FALSE,2026-03-11 23:42:48.426,2026-03-11 23:42:48.426,METRO_V1,Kokkai-gijidomae
443,METRO_V1_KODEMMACHO,小伝馬町,こでんまちょう,35.690737,139.778433,FALSE,2026-03-11 23:42:48.426,2026-03-11 23:42:48.426,METRO_V1,Kodemmacho
444,METRO_V1_KOMAGOME,駒込,こまごめ,35.736489,139.746875,FALSE,2026-03-11 23:42:48.426,2026-03-11 23:42:48.426,METRO_V1,Komagome
445,METRO_V1_SAKURADAMON,桜田門,さくらだもん,35.677366,139.751757,FALSE,2026-03-11 23:42:48.426,2026-03-11 23:42:48.426,METRO_V1,Sakuradamon
446,METRO_V1_SHIODOME,汐留,しおどめ,35.66288729,139.7601405,FALSE,2026-03-11 23:42:48.426,2026-03-11 23:42:48.426,METRO_V1,Shiodome
447,METRO_V1_SHINOZAKI,篠崎,しのざき,35.706017,139.903698,FALSE,2026-03-11 23:42:48.426,2026-03-11 23:42:48.426,METRO_V1,Shinozaki
448,METRO_V1_SHIBAKOEN,芝公園,しばこうえん,35.654071,139.749838,FALSE,2026-03-11 23:42:48.426,2026-03-11 23:42:48.426,METRO_V1,Shibakoen
449,METRO_V1_SHIBUYA,渋谷,しぶや,35.6586161,139.6993714,FALSE,2026-03-11 23:42:48.426,2026-03-11 23:42:48.426,METRO_V1,Shibuya
450,METRO_V1_SHIMURA-SAKAUE,志村坂上,しむらさかうえ,35.775725,139.69538,FALSE,2026-03-11 23:42:48.426,2026-03-11 23:42:48.426,METRO_V1,Shimura-sakaue
451,METRO_V1_SHIMURA-SANCHOME,志村三丁目,しむらさんちょうめ,35.777464,139.685962,FALSE,2026-03-11 23:42:48.426,2026-03-11 23:42:48.426,METRO_V1,Shimura-sanchome
452,METRO_V1_SHIMO,志茂,しも,35.777948,139.732599,FALSE,2026-03-11 23:42:48.426,2026-03-11 23:42:48.426,METRO_V1,Shimo
453,METRO_V1_SHIROKANEDAI,白金台,しろかねだい,35.637917,139.726133,FALSE,2026-03-11 23:42:48.426,2026-03-11 23:42:48.426,METRO_V1,Shirokanedai
454,METRO_V1_SHIROKANE-TAKANAWA,白金高輪,しろかねたかなわ,35.642903,139.734104,FALSE,2026-03-11 23:42:48.426,2026-03-11 23:42:48.426,METRO_V1,Shirokane-takanawa
455,METRO_V1_SHIN-ITABASHI,新板橋,しんいたばし,35.748802,139.719604,FALSE,2026-03-11 23:42:48.426,2026-03-11 23:42:48.426,METRO_V1,Shin-itabashi
456,METRO_V1_SHIN-EGOTA,新江古田,しんえごた,35.732538,139.670653,FALSE,2026-03-11 23:42:48.426,2026-03-11 23:42:48.426,METRO_V1,Shin-egota
457,METRO_V1_SHIN-OTSUKA,新大塚,しんおおつか,35.725793,139.729915,FALSE,2026-03-11 23:42:48.426,2026-03-11 23:42:48.426,METRO_V1,Shin-otsuka
458,METRO_V1_SHIN-OKACHIMACHI,新御徒町,しんおかちまち,35.707055,139.78194,FALSE,2026-03-11 23:42:48.426,2026-03-11 23:42:48.426,METRO_V1,Shin-okachimachi
459,METRO_V1_SHIN-OCHANOMIZU,新御茶ノ水,しんおちゃのみず,35.698072,139.766014,FALSE,2026-03-11 23:42:48.426,2026-03-11 23:42:48.426,METRO_V1,Shin-ochanomizu
460,METRO_V1_SHIN-KIBA,新木場,しんきば,35.646157,139.827426,FALSE,2026-03-11 23:42:48.426,2026-03-11 23:42:48.426,METRO_V1,Shin-kiba
461,METRO_V1_SHIN-KOENJI,新高円寺,しんこうえんじ,35.697985,139.648068,FALSE,2026-03-11 23:42:48.426,2026-03-11 23:42:48.426,METRO_V1,Shin-koenji
462,METRO_V1_SHINJUKU,新宿,しんじゅく,35.68844644,139.6986016,FALSE,2026-03-11 23:42:48.426,2026-03-11 23:42:48.426,METRO_V1,Shinjuku
463,METRO_V1_SHINJUKU-GYOEMMAE,新宿御苑前,しんじゅくぎょえんまえ,35.688588,139.71069,FALSE,2026-03-11 23:42:48.426,2026-03-11 23:42:48.426,METRO_V1,Shinjuku-gyoemmae
464,METRO_V1_SHINJUKU-SANCHOME,新宿三丁目,しんじゅくさんちょうめ,35.690616,139.706271,FALSE,2026-03-11 23:42:48.426,2026-03-11 23:42:48.426,METRO_V1,Shinjuku-sanchome
465,METRO_V1_SHINJUKU-NISHIGUCHI,新宿西口,しんじゅくにしぐち,35.693315,139.699155,FALSE,2026-03-11 23:42:48.426,2026-03-11 23:42:48.426,METRO_V1,Shinjuku-nishiguchi
466,METRO_V1_SHIN-TAKASHIMADAIRA,新高島平,しんたかしまだいら,35.790294,139.654267,FALSE,2026-03-11 23:42:48.426,2026-03-11 23:42:48.426,METRO_V1,Shin-takashimadaira
467,METRO_V1_SHINTOMICHO,新富町,しんとみちょう,35.670462,139.773711,FALSE,2026-03-11 23:42:48.426,2026-03-11 23:42:48.426,METRO_V1,Shintomicho
468,METRO_V1_SHIN-NAKANO,新中野,しんなかの,35.697491,139.66903,FALSE,2026-03-11 23:42:48.426,2026-03-11 23:42:48.426,METRO_V1,Shin-nakano
469,METRO_V1_SHIMBASHI,新橋,しんばし,35.665498,139.75964,FALSE,2026-03-11 23:42:48.426,2026-03-11 23:42:48.426,METRO_V1,Shimbashi
470,METRO_V1_JIMBOCHO,神保町,じんぼうちょう,35.69591611,139.7574395,FALSE,2026-03-11 23:42:48.426,2026-03-11 23:42:48.426,METRO_V1,Jimbocho
471,METRO_V1_SUITENGUMAE,水天宮前,すいてんぐうまえ,35.682061,139.786035,FALSE,2026-03-11 23:42:48.426,2026-03-11 23:42:48.426,METRO_V1,Suitengumae
472,METRO_V1_SUIDOBASHI,水道橋,すいどうばし,35.70203,139.753653,FALSE,2026-03-11 23:42:48.426,2026-03-11 23:42:48.426,METRO_V1,Suidobashi
473,METRO_V1_SUEHIROCHO,末広町,すえひろちょう,35.702972,139.771713,FALSE,2026-03-11 23:42:48.426,2026-03-11 23:42:48.426,METRO_V1,Suehirocho
474,METRO_V1_SUGAMO,巣鴨,すがも,35.733492,139.739345,FALSE,2026-03-11 23:42:48.426,2026-03-11 23:42:48.426,METRO_V1,Sugamo
475,METRO_V1_SUMIYOSHI,住吉,すみよし,35.689071,139.815651,FALSE,2026-03-11 23:42:48.426,2026-03-11 23:42:48.426,METRO_V1,Sumiyoshi
476,METRO_V1_SENGAKUJI,泉岳寺,せんがくじ,35.638692,139.74002,FALSE,2026-03-11 23:42:48.426,2026-03-11 23:42:48.426,METRO_V1,Sengakuji
477,METRO_V1_SENKAWA,千川,せんかわ,35.738418,139.689157,FALSE,2026-03-11 23:42:48.426,2026-03-11 23:42:48.426,METRO_V1,Senkawa
478,METRO_V1_SENGOKU,千石,せんごく,35.727957,139.744792,FALSE,2026-03-11 23:42:48.426,2026-03-11 23:42:48.426,METRO_V1,Sengoku
479,METRO_V1_SENDAGI,千駄木,せんだぎ,35.725549,139.763243,FALSE,2026-03-11 23:42:48.426,2026-03-11 23:42:48.426,METRO_V1,Sendagi
480,METRO_V1_ZOSHIGAYA,雑司が谷,ぞうしがや,35.72034,139.715003,FALSE,2026-03-11 23:42:48.426,2026-03-11 23:42:48.426,METRO_V1,Zoshigaya
481,METRO_V1_DAIMON,大門,だいもん,35.65689055,139.7546994,FALSE,2026-03-11 23:42:48.426,2026-03-11 23:42:48.426,METRO_V1,Daimon
482,METRO_V1_TAKASHIMADAIRA,高島平,たかしまだいら,35.788833,139.661172,FALSE,2026-03-11 23:42:48.426,2026-03-11 23:42:48.426,METRO_V1,Takashimadaira
483,METRO_V1_TAKADANOBABA,高田馬場,たかだのばば,35.712285,139.703782,FALSE,2026-03-11 23:42:48.426,2026-03-11 23:42:48.426,METRO_V1,Takadanobaba
484,METRO_V1_TAKANAWADAI,高輪台,たかなわだい,35.631679,139.730305,FALSE,2026-03-11 23:42:48.426,2026-03-11 23:42:48.426,METRO_V1,Takanawadai
485,METRO_V1_TAKARACHO,宝町,たからちょう,35.675461,139.771767,FALSE,2026-03-11 23:42:48.426,2026-03-11 23:42:48.426,METRO_V1,Takaracho
486,METRO_V1_TAKEBASHI,竹橋,たけばし,35.690662,139.756817,FALSE,2026-03-11 23:42:48.426,2026-03-11 23:42:48.426,METRO_V1,Takebashi
487,METRO_V1_TATSUMI,辰巳,たつみ,35.645576,139.81052,FALSE,2026-03-11 23:42:48.426,2026-03-11 23:42:48.426,METRO_V1,Tatsumi
488,METRO_V1_TAMEIKE-SANNO,溜池山王,ためいけさんのう,35.673621,139.741419,FALSE,2026-03-11 23:42:48.426,2026-03-11 23:42:48.426,METRO_V1,Tameike-sanno
489,METRO_V1_TAWARAMACHI,田原町,たわらまち,35.709855,139.7908,FALSE,2026-03-11 23:42:48.426,2026-03-11 23:42:48.426,METRO_V1,Tawaramachi
490,METRO_V1_CHIKATETSU-AKATSUKA,地下鉄赤塚,ちかてつあかつか,35.77053,139.644543,FALSE,2026-03-11 23:42:48.426,2026-03-11 23:42:48.426,METRO_V1,Chikatetsu-akatsuka
491,METRO_V1_CHIKATETSU-NARIMASU,地下鉄成増,ちかてつなります,35.776557,139.631497,FALSE,2026-03-11 23:42:48.426,2026-03-11 23:42:48.426,METRO_V1,Chikatetsu-narimasu
492,METRO_V1_TSUKIJI,築地,つきじ,35.668115,139.772603,FALSE,2026-03-11 23:42:48.426,2026-03-11 23:42:48.426,METRO_V1,Tsukiji
493,METRO_V1_TSUKIJISHIJO,築地市場,つきじしじょう,35.664895,139.766915,FALSE,2026-03-11 23:42:48.426,2026-03-11 23:42:48.426,METRO_V1,Tsukijishijo
494,METRO_V1_TSUKISHIMA,月島,つきしま,35.66381998,139.78391,FALSE,2026-03-11 23:42:48.426,2026-03-11 23:42:48.426,METRO_V1,Tsukishima
495,METRO_V1_TOKYO,東京,とうきょう,35.681382,139.766084,FALSE,2026-03-11 23:42:48.426,2026-03-11 23:42:48.426,METRO_V1,Tokyo
496,METRO_V1_TODAIMAE,東大前,とうだいまえ,35.717633,139.758025,FALSE,2026-03-11 23:42:48.426,2026-03-11 23:42:48.426,METRO_V1,Todaimae
497,METRO_V1_TOYOCHO,東陽町,とうようちょう,35.669629,139.817596,FALSE,2026-03-11 23:42:48.426,2026-03-11 23:42:48.426,METRO_V1,Toyocho
498,METRO_V1_TOGOSHI,戸越,とごし,35.614719,139.716398,FALSE,2026-03-11 23:42:48.426,2026-03-11 23:42:48.426,METRO_V1,Togoshi
499,METRO_V1_TOSHIMAEN,豊島園,としまえん,35.74191421,139.6491466,FALSE,2026-03-11 23:42:48.426,2026-03-11 23:42:48.426,METRO_V1,Toshimaen
500,METRO_V1_TOCHOMAE,都庁前,とちょうまえ,35.69057568,139.6926611,FALSE,2026-03-11 23:42:48.426,2026-03-11 23:42:48.426,METRO_V1,Tochomae
501,METRO_V1_TOYOSU,豊洲,とよす,35.654908,139.79621,FALSE,2026-03-11 23:42:48.426,2026-03-11 23:42:48.426,METRO_V1,Toyosu
502,METRO_V1_TORANOMON,虎ノ門,とらのもん,35.670236,139.749832,FALSE,2026-03-11 23:42:48.426,2026-03-11 23:42:48.426,METRO_V1,Toranomon
503,METRO_V1_TORANOMON-HILLS,虎ノ門ヒルズ,とらのもんひるず,35.667444,139.747778,FALSE,2026-03-11 23:42:48.426,2026-03-11 23:42:48.426,METRO_V1,Toranomon-hills
504,METRO_V1_NAKAI,中井,なかい,35.715065,139.687264,FALSE,2026-03-11 23:42:48.426,2026-03-11 23:42:48.426,METRO_V1,Nakai
505,METRO_V1_NAKA-OKACHIMACHI,仲御徒町,なかおかちまち,35.706555,139.776202,FALSE,2026-03-11 23:42:48.426,2026-03-11 23:42:48.426,METRO_V1,Naka-okachimachi
506,METRO_V1_NAGATACHO,永田町,ながたちょう,35.678757,139.740258,FALSE,2026-03-11 23:42:48.426,2026-03-11 23:42:48.426,METRO_V1,Nagatacho
507,METRO_V1_NAKANO,中野,なかの,35.706032,139.665652,FALSE,2026-03-11 23:42:48.426,2026-03-11 23:42:48.426,METRO_V1,Nakano
508,METRO_V1_NAKANO-SAKAUE,中野坂上,なかのさかうえ,35.69792,139.68291,FALSE,2026-03-11 23:42:48.426,2026-03-11 23:42:48.426,METRO_V1,Nakano-sakaue
509,METRO_V1_NAKANO-SHIMBASHI,中野新橋,なかのしんばし,35.692123,139.673997,FALSE,2026-03-11 23:42:48.426,2026-03-11 23:42:48.426,METRO_V1,Nakano-shimbashi
510,METRO_V1_NAKANOBU,中延,なかのぶ,35.605479,139.713679,FALSE,2026-03-11 23:42:48.426,2026-03-11 23:42:48.426,METRO_V1,Nakanobu
511,METRO_V1_NAKANO-FUJIMICHO,中野富士見町,なかのふじみちょう,35.690514,139.666933,FALSE,2026-03-11 23:42:48.426,2026-03-11 23:42:48.426,METRO_V1,Nakano-fujimicho
512,METRO_V1_NAKA-MEGURO,中目黒,なかめぐろ,35.644307,139.699157,FALSE,2026-03-11 23:42:48.426,2026-03-11 23:42:48.426,METRO_V1,Naka-meguro
513,METRO_V1_NISHI-OJIMA,西大島,にしおおじま,35.689349,139.826206,FALSE,2026-03-11 23:42:48.426,2026-03-11 23:42:48.426,METRO_V1,Nishi-ojima
514,METRO_V1_NISHI-KASAI,西葛西,にしかさい,35.664528,139.85937,FALSE,2026-03-11 23:42:48.426,2026-03-11 23:42:48.426,METRO_V1,Nishi-kasai
515,METRO_V1_NISHIGAHARA,西ケ原,にしがはら,35.746008,139.742322,FALSE,2026-03-11 23:42:48.426,2026-03-11 23:42:48.426,METRO_V1,Nishigahara
516,METRO_V1_NISHI-SHINJUKU,西新宿,にししんじゅく,35.694298,139.692778,FALSE,2026-03-11 23:42:48.426,2026-03-11 23:42:48.426,METRO_V1,Nishi-shinjuku
517,METRO_V1_NISHI-SHINJUKU-GOCHOME,西新宿五丁目,にししんじゅくごちょうめ,35.68988048,139.6845509,FALSE,2026-03-11 23:42:48.426,2026-03-11 23:42:48.426,METRO_V1,Nishi-shinjuku-gochome
518,METRO_V1_NISHI-SUGAMO,西巣鴨,にしすがも,35.743508,139.728712,FALSE,2026-03-11 23:42:48.426,2026-03-11 23:42:48.426,METRO_V1,Nishi-sugamo
519,METRO_V1_NISHIDAI,西台,にしだい,35.786926,139.673987,FALSE,2026-03-11 23:42:48.426,2026-03-11 23:42:48.426,METRO_V1,Nishidai
520,METRO_V1_NISHI-TAKASHIMADAIRA,西高島平,にしたかしまだいら,35.791938,139.64589,FALSE,2026-03-11 23:42:48.426,2026-03-11 23:42:48.426,METRO_V1,Nishi-takashimadaira
521,METRO_V1_NISHI-NIPPORI,西日暮里,にしにっぽり,35.732135,139.766787,FALSE,2026-03-11 23:42:48.426,2026-03-11 23:42:48.426,METRO_V1,Nishi-nippori
522,METRO_V1_NISHI-FUNABASHI,西船橋,にしふなばし,35.707452,139.959097,FALSE,2026-03-11 23:42:48.426,2026-03-11 23:42:48.426,METRO_V1,Nishi-funabashi
523,METRO_V1_NISHI-MAGOME,西馬込,にしまごめ,35.586859,139.705942,FALSE,2026-03-11 23:42:48.426,2026-03-11 23:42:48.426,METRO_V1,Nishi-magome
524,METRO_V1_NIJUBASHIMAE,二重橋前〈丸の内〉,にじゅうばしまえ〈まるのうち〉,35.680366,139.761615,FALSE,2026-03-11 23:42:48.426,2026-03-11 23:42:48.426,METRO_V1,Nijubashimae〈Marunouchi〉
525,METRO_V1_NISHI-WASEDA,西早稲田,にしわせだ,35.707941,139.709093,FALSE,2026-03-11 23:42:48.426,2026-03-11 23:42:48.426,METRO_V1,Nishi-waseda
526,METRO_V1_NIHOMBASHI,日本橋,にほんばし,35.682413,139.773919,FALSE,2026-03-11 23:42:48.426,2026-03-11 23:42:48.426,METRO_V1,Nihombashi
527,METRO_V1_NINGYOCHO,人形町,にんぎょうちょう,35.686307,139.782285,FALSE,2026-03-11 23:42:48.426,2026-03-11 23:42:48.426,METRO_V1,Ningyocho
528,METRO_V1_NEZU,根津,ねづ,35.717373,139.765741,FALSE,2026-03-11 23:42:48.426,2026-03-11 23:42:48.426,METRO_V1,Nezu
529,METRO_V1_NERIMA,練馬,ねりま,35.73782,139.653566,FALSE,2026-03-11 23:42:48.426,2026-03-11 23:42:48.426,METRO_V1,Nerima
530,METRO_V1_NERIMA-KASUGACHO,練馬春日町,ねりまかすがちょう,35.751135,139.641058,FALSE,2026-03-11 23:42:48.426,2026-03-11 23:42:48.426,METRO_V1,Nerima-kasugacho
531,METRO_V1_NOGIZAKA,乃木坂,のぎざか,35.666572,139.726215,FALSE,2026-03-11 23:42:48.426,2026-03-11 23:42:48.426,METRO_V1,Nogizaka
532,METRO_V1_HAKUSAN,白山,はくさん,35.72133,139.752078,FALSE,2026-03-11 23:42:48.426,2026-03-11 23:42:48.426,METRO_V1,Hakusan
533,METRO_V1_BAKURO-YOKOYAMA,馬喰横山,ばくろよこやま,35.69196024,139.7829432,FALSE,2026-03-11 23:42:48.426,2026-03-11 23:42:48.426,METRO_V1,Bakuro-yokoyama
534,METRO_V1_HASUNE,蓮根,はすね,35.784174,139.67904,FALSE,2026-03-11 23:42:48.426,2026-03-11 23:42:48.426,METRO_V1,Hasune
535,METRO_V1_HATCHOBORI,八丁堀,はっちょうぼり,35.674617,139.777705,FALSE,2026-03-11 23:42:48.426,2026-03-11 23:42:48.426,METRO_V1,Hatchobori
536,METRO_V1_HAMACHO,浜町,はまちょう,35.68841084,139.7879337,FALSE,2026-03-11 23:42:48.426,2026-03-11 23:42:48.426,METRO_V1,Hamacho
537,METRO_V1_BARAKI-NAKAYAMA,原木中山,ばらきなかやま,35.7032,139.941876,FALSE,2026-03-11 23:42:48.426,2026-03-11 23:42:48.426,METRO_V1,Baraki-nakayama
538,METRO_V1_HANZOMON,半蔵門,はんぞうもん,35.685703,139.741644,FALSE,2026-03-11 23:42:48.426,2026-03-11 23:42:48.426,METRO_V1,Hanzomon
539,METRO_V1_HIGASHI-IKEBUKURO,東池袋,ひがしいけぶくろ,35.725362,139.720435,FALSE,2026-03-11 23:42:48.426,2026-03-11 23:42:48.426,METRO_V1,Higashi-ikebukuro
540,METRO_V1_HIGASHI-OJIMA,東大島,ひがしおおじま,35.690347,139.84596,FALSE,2026-03-11 23:42:48.426,2026-03-11 23:42:48.426,METRO_V1,Higashi-ojima
541,METRO_V1_HIGASHI-GINZA,東銀座,ひがしぎんざ,35.669464,139.767253,FALSE,2026-03-11 23:42:48.426,2026-03-11 23:42:48.426,METRO_V1,Higashi-ginza
542,METRO_V1_HIGASHI-KOENJI,東高円寺,ひがしこうえんじ,35.697802,139.657822,FALSE,2026-03-11 23:42:48.426,2026-03-11 23:42:48.426,METRO_V1,Higashi-koenji
543,METRO_V1_HIGASHI-SHINJUKU,東新宿,ひがししんじゅく,35.69792,139.707549,FALSE,2026-03-11 23:42:48.426,2026-03-11 23:42:48.426,METRO_V1,Higashi-shinjuku
544,METRO_V1_HIGASHI-NAKANO,東中野,ひがしなかの,35.7061217,139.6837906,FALSE,2026-03-11 23:42:48.426,2026-03-11 23:42:48.426,METRO_V1,Higashi-nakano
545,METRO_V1_HIGASHI-NIHOMBASHI,東日本橋,ひがしにほんばし,35.692126,139.784821,FALSE,2026-03-11 23:42:48.426,2026-03-11 23:42:48.426,METRO_V1,Higashi-nihombashi
546,METRO_V1_HIKARIGAOKA,光が丘,ひかりがおか,35.758526,139.628603,FALSE,2026-03-11 23:42:48.426,2026-03-11 23:42:48.426,METRO_V1,Hikarigaoka
547,METRO_V1_HIKAWADAI,氷川台,ひかわだい,35.749822,139.665023,FALSE,2026-03-11 23:42:48.426,2026-03-11 23:42:48.426,METRO_V1,Hikawadai
548,METRO_V1_HIBIYA,日比谷,ひびや,35.675114,139.759765,FALSE,2026-03-11 23:42:48.426,2026-03-11 23:42:48.426,METRO_V1,Hibiya
549,METRO_V1_HIRO-O,広尾,ひろお,35.652279,139.722227,FALSE,2026-03-11 23:42:48.426,2026-03-11 23:42:48.426,METRO_V1,Hiro-o
550,METRO_V1_FUNABORI,船堀,ふなぼり,35.683732,139.864333,FALSE,2026-03-11 23:42:48.426,2026-03-11 23:42:48.426,METRO_V1,Funabori
551,METRO_V1_HEIWADAI,平和台,へいわだい,35.757863,139.653762,FALSE,2026-03-11 23:42:48.426,2026-03-11 23:42:48.426,METRO_V1,Heiwadai
552,METRO_V1_HONANCHO,方南町,ほうなんちょう,35.683496,139.656498,FALSE,2026-03-11 23:42:48.426,2026-03-11 23:42:48.426,METRO_V1,Honancho
553,METRO_V1_HONGO-SANCHOME,本郷三丁目,ほんごうさんちょうめ,35.70744156,139.7604488,FALSE,2026-03-11 23:42:48.426,2026-03-11 23:42:48.426,METRO_V1,Hongo-sanchome
554,METRO_V1_HON-KOMAGOME,本駒込,ほんこまごめ,35.724155,139.753828,FALSE,2026-03-11 23:42:48.426,2026-03-11 23:42:48.426,METRO_V1,Hon-komagome
555,METRO_V1_HONJO-AZUMABASHI,本所吾妻橋,ほんじょあずまばし,35.70858,139.804624,FALSE,2026-03-11 23:42:48.426,2026-03-11 23:42:48.426,METRO_V1,Honjo-azumabashi
556,METRO_V1_MAGOME,馬込,まごめ,35.596435,139.711772,FALSE,2026-03-11 23:42:48.426,2026-03-11 23:42:48.426,METRO_V1,Magome
557,METRO_V1_MACHIYA,町屋,まちや,35.742268,139.781435,FALSE,2026-03-11 23:42:48.426,2026-03-11 23:42:48.426,METRO_V1,Machiya
558,METRO_V1_MIZUE,瑞江,みずえ,35.693318,139.89761,FALSE,2026-03-11 23:42:48.426,2026-03-11 23:42:48.426,METRO_V1,Mizue
559,METRO_V1_MITA,三田,みた,35.64818,139.748775,FALSE,2026-03-11 23:42:48.426,2026-03-11 23:42:48.426,METRO_V1,Mita
560,METRO_V1_MITSUKOSHIMAE,三越前,みつこしまえ,35.684888,139.773161,FALSE,2026-03-11 23:42:48.426,2026-03-11 23:42:48.426,METRO_V1,Mitsukoshimae
561,METRO_V1_MINAMI-ASAGAYA,南阿佐ケ谷,みなみあさがや,35.699624,139.63576,FALSE,2026-03-11 23:42:48.426,2026-03-11 23:42:48.426,METRO_V1,Minami-asagaya
562,METRO_V1_MINAMI-GYOTOKU,南行徳,みなみぎょうとく,35.672687,139.902311,FALSE,2026-03-11 23:42:48.426,2026-03-11 23:42:48.426,METRO_V1,Minami-gyotoku
563,METRO_V1_MINAMI-SUNAMACHI,南砂町,みなみすなまち,35.668796,139.83065,FALSE,2026-03-11 23:42:48.426,2026-03-11 23:42:48.426,METRO_V1,Minami-sunamachi
564,METRO_V1_MINAMI-SENJU,南千住,みなみせんじゅ,35.733336,139.799171,FALSE,2026-03-11 23:42:48.426,2026-03-11 23:42:48.426,METRO_V1,Minami-senju
565,METRO_V1_MINOWA,三ノ輪,みのわ,35.729528,139.79133,FALSE,2026-03-11 23:42:48.426,2026-03-11 23:42:48.426,METRO_V1,Minowa
566,METRO_V1_MYOGADANI,茗荷谷,みょうがだに,35.717305,139.736734,FALSE,2026-03-11 23:42:48.426,2026-03-11 23:42:48.426,METRO_V1,Myogadani
567,METRO_V1_MYODEN,妙典,みょうでん,35.691613,139.925017,FALSE,2026-03-11 23:42:48.426,2026-03-11 23:42:48.426,METRO_V1,Myoden
568,METRO_V1_MEIJI-JINGUMAE,明治神宮前〈原宿〉,めいじじんぐうまえ〈はらじゅく〉,35.669071,139.703995,FALSE,2026-03-11 23:42:48.426,2026-03-11 23:42:48.426,METRO_V1,Meiji-jingumae〈Harajuku〉
569,METRO_V1_MEGURO,目黒,めぐろ,35.633998,139.715828,FALSE,2026-03-11 23:42:48.426,2026-03-11 23:42:48.426,METRO_V1,Meguro
570,METRO_V1_MOTOHASUNUMA,本蓮沼,もとはすぬま,35.768782,139.702324,FALSE,2026-03-11 23:42:48.426,2026-03-11 23:42:48.426,METRO_V1,Motohasunuma
571,METRO_V1_MOTOYAWATA,本八幡,もとやわた,35.72277745,139.9265144,FALSE,2026-03-11 23:42:48.426,2026-03-11 23:42:48.426,METRO_V1,Motoyawata
572,METRO_V1_MORISHITA,森下,もりした,35.68800786,139.7981729,FALSE,2026-03-11 23:42:48.426,2026-03-11 23:42:48.426,METRO_V1,Morishita
573,METRO_V1_MONZEN-NAKACHO,門前仲町,もんぜんなかちょう,35.67246748,139.7947264,FALSE,2026-03-11 23:42:48.426,2026-03-11 23:42:48.426,METRO_V1,Monzen-nakacho
574,METRO_V1_YURAKUCHO,有楽町,ゆうらくちょう,35.675069,139.763328,FALSE,2026-03-11 23:42:48.426,2026-03-11 23:42:48.426,METRO_V1,Yurakucho
575,METRO_V1_YUSHIMA,湯島,ゆしま,35.708243,139.769916,FALSE,2026-03-11 23:42:48.426,2026-03-11 23:42:48.426,METRO_V1,Yushima
576,METRO_V1_YOTSUYA,四ツ谷,よつや,35.686014,139.730667,FALSE,2026-03-11 23:42:48.426,2026-03-11 23:42:48.426,METRO_V1,Yotsuya
577,METRO_V1_YOTSUYA-SANCHOME,四谷三丁目,よつやさんちょうめ,35.687958,139.720103,FALSE,2026-03-11 23:42:48.426,2026-03-11 23:42:48.426,METRO_V1,Yotsuya-sanchome
578,METRO_V1_YOYOGI,代々木,よよぎ,35.68304384,139.7020716,FALSE,2026-03-11 23:42:48.426,2026-03-11 23:42:48.426,METRO_V1,Yoyogi
579,METRO_V1_YOYOGI-UEHARA,代々木上原,よよぎうえはら,35.669062,139.679678,FALSE,2026-03-11 23:42:48.426,2026-03-11 23:42:48.426,METRO_V1,Yoyogi-uehara
580,METRO_V1_YOYOGI-KOEN,代々木公園,よよぎこうえん,35.668954,139.691318,FALSE,2026-03-11 23:42:48.426,2026-03-11 23:42:48.426,METRO_V1,Yoyogi-koen
581,METRO_V1_RYOGOKU,両国,りょうごく,35.69661868,139.7973666,FALSE,2026-03-11 23:42:48.426,2026-03-11 23:42:48.426,METRO_V1,Ryogoku
582,METRO_V1_ROPPONGI,六本木,ろっぽんぎ,35.6639902,139.7314148,FALSE,2026-03-11 23:42:48.426,2026-03-11 23:42:48.426,METRO_V1,Roppongi
583,METRO_V1_ROPPONGI-ITCHOME,六本木一丁目,ろっぽんぎいっちょうめ,35.665595,139.739,FALSE,2026-03-11 23:42:48.426,2026-03-11 23:42:48.426,METRO_V1,Roppongi-itchome
584,METRO_V1_WAKAMATSU-KAWADA,若松河田,わかまつかわだ,35.699218,139.718184,FALSE,2026-03-11 23:42:48.426,2026-03-11 23:42:48.426,METRO_V1,Wakamatsu-kawada
585,METRO_V1_WAKOSHI,和光市,わこうし,35.788515,139.612343,FALSE,2026-03-11 23:42:48.426,2026-03-11 23:42:48.426,METRO_V1,Wakoshi
586,METRO_V1_WASEDA,早稲田,わせだ,35.705723,139.721319,FALSE,2026-03-11 23:42:48.426,2026-03-11 23:42:48.426,METRO_V1,Waseda